"BRANCH_ORDER","BRANCH_ID","CHILD_IDS","TIPS","V_TOT","VOLUME","LENGTH","RADIUS","BETA","GAMMA","D_BETA","D_GAMMA","THETA","WBE_THETA"
"1",0,1,"2_908",0,0,0.475736856918872,2.304901,0.2563199,0,0,0,0,0,0
"2",0,2,"3_871",0,0,0.469468298710226,3.115099,0.219024285714286,0,0,0,0,0,0
"3",0,3,"4_864",0,0,0.168416946155135,1.005614,0.2308885,0,0,0,0,0,0
"4",0,4,"5_863",0,0,0.12296161844044,0.812749,0.219448,0,0,0,0,0,0
"5",0,5,"6_856",0,0,0.160495937301491,1.192264,0.20700025,0,0,0,0,0,0
"6",0,6,"7_504_847",0,0,0.0756567881236702,0.59341,0.201452,0,0,0,0,0,0
"7",0,7,"8_454_499",0,0,0.0534273293199041,0.5903738,0.169724,0,0,0,0,0,0
"8",0,8,"9_261",0,0,0.125024910227085,2.894936,0.117247571428571,0,0,0,0,0,0
"9",0,9,"10_254",0,0,0.0193402541771044,0.399307,0.124166,0,0,0,0,0,0
"10",0,10,"11_231",0,0,0.0255600987316262,1.43036,0.0754195,0,0,0,0,0,0
"11",0,11,"12_160",0,0,0.00355707025722377,0.199056,0.0754195,0,0,0,0,0,0
"12",0,12,"13_159",0,0,0.00937994861061451,0.6113612,0.069883775,0,0,0,0,0,0
"13",0,13,"14_154",0,0,0.00433344109230326,0.259394,0.0729225,0,0,0,0,0,0
"14",0,14,"15_149",0,0,0.0114111408389593,0.799694,0.067395,0,0,0,0,0,0
"15",0,15,"16_148",0,0,0.00205128718171236,0.1826264,0.05979385,0,0,0,0,0,0
"16",0,16,"17_142_145",0,0,0.00904272672152608,0.759385,0.0615664,0,0,0,0,0,0
"17",0,17,"18_141",0,0,0.00200961976845382,0.4459143,0.03787532,0,0,0,0,0,0
"18",0,18,"19_88",0,0,0.00187829273972704,0.6565793,0.0301761,0,0,0,0,0,0
"19",0,19,"20_85",0,0,0.000446554290660295,0.1560983,0.0301761,0,0,0,0,0,0
"20",0,20,"21_54",0,0,0.000190504647173196,0.1432456,0.020574875,0,0,0,0,0,0
"21",0,21,"22_51",0,0,9.51067952015666e-05,0.1204186,0.01585565,0,0,0,0,0,0
"22",0,22,"23_46",0,0,0.000305601141566905,0.555752,0.0132300666666667,0,0,0,0,0,0
"23",0,23,"24_45",0,0,0.000102831296604008,0.4117761,0.008915735,0,0,0,0,0,0
"24",0,24,"25_37_42",0,0,5.52691806796502e-05,0.3367885,0.0072274975,0,0,0,0,0,0
"25",0,25,"26_36",0,0,1.83114571349866e-05,0.2791912,0.0045691525,0,0,0,0,0,0
"26",0,26,"27_35",0,0,1.20334233518539e-05,0.3143752,0.00349056333333333,0,0,0,0,0,0
"27",0,27,"28_34",0,0,6.32806708545161e-06,0.283722,0.00266449,0,0,0,0,0,0
"28",0,28,"29_33",0,0,2.24020515782003e-06,0.5546882,0.001133821,0,0,0,0,0,0
"29",0,29,"30_31_32",0,0,1.99368704118083e-07,0.1751654,0.000601907,0,0,0,0,0,0
"30",0,30,"",0,0,2.36439787660449e-09,0.0753335,9.995195e-05,0,0,0,0,0,0
"31",1,31,"",0,0,2.04935360431329e-09,0.0695902,9.681875e-05,0,0,0,0,0,0
"32",1,32,"",0,0,1.68611945512469e-09,0.062454,9.2702e-05,0,0,0,0,0,0
"33",1,33,"",0,0,3.1383746762961e-08,0.129034,0.000278243725,0,0,0,0,0,0
"34",1,34,"",0,0,3.74003554004763e-07,0.6191603,0.0004384917,0,0,0,0,0,0
"35",1,35,"",0,0,2.10214046052827e-08,0.0604572,0.000332684,0,0,0,0,0,0
"36",1,36,"",0,0,5.77300925176726e-08,0.0809094,0.00047657,0,0,0,0,0,0
"37",1,37,"38_41",0,0,9.64102979431121e-06,0.2272453,0.0036748475,0,0,0,0,0,0
"38",1,38,"39_40",0,0,2.89390043481865e-06,0.5027787,0.00135356283333333,0,0,0,0,0,0
"39",1,39,"",0,0,5.30701225346105e-08,0.1208544,0.0003738685,0,0,0,0,0,0
"40",2,40,"",0,0,4.18367515716724e-08,0.1059204,0.00035458,0,0,0,0,0,0
"41",2,41,"",0,0,2.03640533912053e-06,0.6623632,0.00098925688,0,0,0,0,0,0
"42",1,42,"43_44",0,0,1.94238102606908e-06,0.0997689,0.0024894,0,0,0,0,0,0
"43",1,43,"",0,0,1.82513786119298e-06,0.3545629,0.001280048,0,0,0,0,0,0
"44",2,44,"",0,0,9.90686760001046e-08,0.1040628,0.000550485,0,0,0,0,0,0
"45",1,45,"",0,0,2.20299246170708e-07,0.1158201,0.0007781075,0,0,0,0,0,0
"46",1,46,"47_50",0,0,4.07313207436475e-05,0.3680257,0.00593540333333333,0,0,0,0,0,0
"47",1,47,"48_49",0,0,1.61812952485782e-05,1.4714264,0.00187095108333333,0,0,0,0,0,0
"48",1,48,"",0,0,3.3899784489881e-09,0.1319801,9.0421e-05,0,0,0,0,0,0
"49",2,49,"",0,0,1.53060763931984e-09,0.084918,7.574555e-05,0,0,0,0,0,0
"50",2,50,"",0,0,1.88992077328584e-07,0.1049818,0.0007569895,0,0,0,0,0,0
"51",1,51,"52_53",0,0,3.9855877566946e-05,0.4066832,0.00558525666666667,0,0,0,0,0,0
"52",1,52,"",0,0,7.01347033076522e-06,0.7133522,0.0017690477,0,0,0,0,0,0
"53",2,53,"",0,0,5.67852048846148e-07,0.1897834,0.0009759185,0,0,0,0,0,0
"54",1,54,"55_84",0,0,0.00037510691178406,0.8271259,0.0120148066666667,0,0,0,0,0,0
"55",1,55,"56_73",0,0,0.000105875800781764,0.4929424,0.00826847333333333,0,0,0,0,0,0
"56",1,56,"57_72",0,0,1.86537302571703e-05,0.1843008,0.005676025,0,0,0,0,0,0
"57",1,57,"58_65",0,0,3.00832777502433e-05,0.5073395,0.004344485,0,0,0,0,0,0
"58",1,58,"59_64",0,0,3.79795659898134e-06,0.1634315,0.00271977,0,0,0,0,0,0
"59",1,59,"60_63",0,0,5.22115609812812e-06,0.6948465,0.00154655,0,0,0,0,0,0
"60",1,60,"61_62",0,0,6.49034840246357e-07,0.1545618,0.0011561335,0,0,0,0,0,0
"61",1,61,"",0,0,9.54450887888146e-08,0.2344568,0.000359973425,0,0,0,0,0,0
"62",2,62,"",0,0,3.35875044409206e-08,0.1421273,0.000274268025,0,0,0,0,0,0
"63",2,63,"",0,0,6.02952665043439e-08,0.1340318,0.000378410125,0,0,0,0,0,0
"64",2,64,"",0,0,9.48831613515909e-08,0.1465013,0.000454045,0,0,0,0,0,0
"65",2,65,"66_71",0,0,2.46649323486455e-06,0.287487,0.001652555,0,0,0,0,0,0
"66",2,66,"67_70",0,0,2.07378754661099e-07,0.0793905,0.000911849,0,0,0,0,0,0
"67",2,67,"68_69",0,0,6.37719706119383e-08,0.1116084,0.000426473,0,0,0,0,0,0
"68",2,68,"",0,0,6.74224799497177e-09,0.108295,0.00014077425,0,0,0,0,0,0
"69",3,69,"",0,0,1.87358173497633e-09,0.053235,0.00010584315,0,0,0,0,0,0
"70",3,70,"",0,0,3.22314405815933e-08,0.2041842,0.0002241578,0,0,0,0,0,0
"71",3,71,"",0,0,2.03930057225929e-08,0.1110176,0.0002418075,0,0,0,0,0,0
"72",2,72,"",0,0,3.30434621291189e-07,0.1787413,0.000767106,0,0,0,0,0,0
"73",2,73,"74_81",0,0,1.44107223487663e-05,0.2710973,0.00411344166666667,0,0,0,0,0,0
"74",2,74,"75_80",0,0,3.76722723580979e-06,0.1831024,0.00255911,0,0,0,0,0,0
"75",2,75,"76_79",0,0,7.39956355648589e-07,0.0638382,0.001920825,0,0,0,0,0,0
"76",2,76,"77_78",0,0,9.18942114784455e-07,0.2528909,0.0010754805,0,0,0,0,0,0
"77",2,77,"",0,0,2.50065929595446e-08,0.1608772,0.000222436,0,0,0,0,0,0
"78",3,78,"",0,0,4.32902857025882e-08,0.242369,0.00023844145,0,0,0,0,0,0
"79",3,79,"",0,0,3.37514940316071e-08,0.0875756,0.0003502515,0,0,0,0,0,0
"80",3,80,"",0,0,4.15272678833958e-07,0.245796,0.00073333825,0,0,0,0,0,0
"81",3,81,"82_83",0,0,9.54852022989306e-07,0.0760288,0.00199942,0,0,0,0,0,0
"82",3,82,"",0,0,1.55545585361951e-07,0.1769196,0.0005290125,0,0,0,0,0,0
"83",4,83,"",0,0,2.48062287141358e-07,0.36902,0.000462573216666667,0,0,0,0,0,0
"84",2,84,"",0,0,1.7286519087423e-06,0.316707,0.001318105,0,0,0,0,0,0
"85",1,85,"86_87",0,0,1.2271435815154e-05,0.1927046,0.00450222,0,0,0,0,0,0
"86",1,86,"",0,0,1.39676925961507e-06,0.1165608,0.00195304,0,0,0,0,0,0
"87",2,87,"",0,0,2.28632953613105e-06,0.2761863,0.0016232799,0,0,0,0,0,0
"88",1,88,"89_130",0,0,0.00188262025059315,0.7507586,0.02825246,0,0,0,0,0,0
"89",1,89,"90_119",0,0,0.000965384480003456,0.5498955,0.0236393285714286,0,0,0,0,0,0
"90",1,90,"91_116",0,0,0.000404234775604769,0.2473182,0.0228094,0,0,0,0,0,0
"91",1,91,"92_115",0,0,0.000282902027105478,0.2073964,0.02083735,0,0,0,0,0,0
"92",1,92,"93_112",0,0,0.000444582878081246,0.4504591,0.01772449,0,0,0,0,0,0
"93",1,93,"94_111",0,0,0.000173370775923121,0.3024985,0.0135067666666667,0,0,0,0,0,0
"94",1,94,"95_108",0,0,0.000116059264650938,0.2860039,0.01136525,0,0,0,0,0,0
"95",1,95,"96_107",0,0,3.61198879979209e-05,0.1232739,0.009657455,0,0,0,0,0,0
"96",1,96,"97_104",0,0,6.60660883523698e-05,0.3115959,0.00821520666666667,0,0,0,0,0,0
"97",1,97,"98_103",0,0,5.18018135501226e-05,0.569254,0.00538201,0,0,0,0,0,0
"98",1,98,"99_102",0,0,5.12060932892158e-06,0.1367206,0.00345278,0,0,0,0,0,0
"99",1,99,"100_101",0,0,4.10329299172931e-06,0.1718976,0.00275649,0,0,0,0,0,0
"100",1,100,"",0,0,1.85579696587718e-07,0.1736256,0.0005832885,0,0,0,0,0,0
"101",2,101,"",0,0,1.26943582260353e-06,0.7150779,0.000751715941666667,0,0,0,0,0,0
"102",2,102,"",0,0,2.83962691710036e-07,0.2265142,0.0006316958,0,0,0,0,0,0
"103",2,103,"",0,0,9.09677568608386e-07,0.3583332,0.000898928775,0,0,0,0,0,0
"104",2,104,"105_106",0,0,2.73079568328963e-06,0.1259096,0.002627485,0,0,0,0,0,0
"105",2,105,"",0,0,1.01052021793946e-08,0.0226863,0.000376544,0,0,0,0,0,0
"106",3,106,"",0,0,1.82536874735581e-07,0.1618427,0.000599175175,0,0,0,0,0,0
"107",2,107,"",0,0,7.63829646407052e-07,0.1508784,0.001269433,0,0,0,0,0,0
"108",2,108,"109_110",0,0,5.77719000547171e-06,0.200373,0.00302945,0,0,0,0,0,0
"109",2,109,"",0,0,3.95321264015408e-07,0.1570624,0.0008950845,0,0,0,0,0,0
"110",3,110,"",0,0,3.44242140544752e-07,0.1454614,0.000867927,0,0,0,0,0,0
"111",2,111,"",0,0,6.2375378235593e-07,0.1203846,0.00128424,0,0,0,0,0,0
"112",2,112,"113_114",0,0,3.22172238802742e-05,0.2308936,0.0066644325,0,0,0,0,0,0
"113",2,113,"",0,0,5.96295526240725e-07,0.1261992,0.001226387,0,0,0,0,0,0
"114",3,114,"",0,0,3.81446175515731e-06,0.5460656,0.001491142975,0,0,0,0,0,0
"115",2,115,"",0,0,3.85357681295856e-06,0.213648,0.002396115,0,0,0,0,0,0
"116",2,116,"117_118",0,0,2.96861587516557e-05,0.2610193,0.0060168025,0,0,0,0,0,0
"117",2,117,"",0,0,4.68247578129492e-07,0.1160928,0.001133079,0,0,0,0,0,0
"118",3,118,"",0,0,7.1009427291936e-07,0.1923724,0.00108395608333333,0,0,0,0,0,0
"119",2,119,"120_125",0,0,0.00013184473566309,0.3042049,0.01174555,0,0,0,0,0,0
"120",2,120,"121_124",0,0,6.01703740090201e-05,0.5086126,0.00613653,0,0,0,0,0,0
"121",2,121,"122_123",0,0,8.79391132147046e-06,0.1395738,0.00447831,0,0,0,0,0,0
"122",2,122,"",0,0,1.60368315520494e-06,0.1780034,0.0016934415,0,0,0,0,0,0
"123",3,123,"",0,0,9.82859259755814e-07,0.2077737,0.00122708725,0,0,0,0,0,0
"124",3,124,"",0,0,3.26384995849963e-06,0.1936832,0.00231603,0,0,0,0,0,0
"125",3,125,"126_129",0,0,7.02507690924377e-06,0.0689998,0.00569281,0,0,0,0,0,0
"126",3,126,"127_128",0,0,4.69432575190285e-06,0.0689985,0.00465363,0,0,0,0,0,0
"127",3,127,"",0,0,6.34100602940113e-07,0.0922428,0.0014792375,0,0,0,0,0,0
"128",4,128,"",0,0,3.64190725274306e-07,0.067823,0.0013073775,0,0,0,0,0,0
"129",4,129,"",0,0,4.93911025898682e-07,0.080308,0.0013991685,0,0,0,0,0,0
"130",2,130,"131_136",0,0,0.000122509939883696,0.1797043,0.014730975,0,0,0,0,0,0
"131",2,131,"132_135",0,0,6.21585621274924e-05,0.280569,0.00839761,0,0,0,0,0,0
"132",2,132,"133_134",0,0,1.41583605072733e-05,0.1508522,0.005465825,0,0,0,0,0,0
"133",2,133,"",0,0,6.72323888556699e-06,0.4907285,0.002088303875,0,0,0,0,0,0
"134",3,134,"",0,0,2.07705912968725e-07,0.0731998,0.000950374,0,0,0,0,0,0
"135",3,135,"",0,0,7.11382061712442e-07,0.2018687,0.00105911233333333,0,0,0,0,0,0
"136",3,136,"137_140",0,0,9.97970167297199e-05,0.716102,0.00666034,0,0,0,0,0,0
"137",3,137,"138_139",0,0,9.08335357008653e-06,0.2020598,0.003782755,0,0,0,0,0,0
"138",3,138,"",0,0,1.02531241510214e-06,0.2769391,0.001085578,0,0,0,0,0,0
"139",4,139,"",0,0,3.20107226655144e-07,0.1331017,0.0008749455,0,0,0,0,0,0
"140",4,140,"",0,0,1.42407757602788e-07,0.0571202,0.0008908345,0,0,0,0,0,0
"141",1,141,"",0,0,1.93198569630822e-06,0.1487897,0.002033015,0,0,0,0,0,0
"142",1,142,"143_144",0,0,9.7520495117345e-05,0.4461992,0.0083408175,0,0,0,0,0,0
"143",1,143,"",0,0,1.13550132236086e-06,0.087911,0.00202767,0,0,0,0,0,0
"144",2,144,"",0,0,1.12967501727626e-05,0.5290942,0.00260696575,0,0,0,0,0,0
"145",1,145,"146_147",0,0,1.13352018594373e-05,0.1312086,0.00524395,0,0,0,0,0,0
"146",1,146,"",0,0,9.21411588746817e-07,0.1567486,0.0013678865,0,0,0,0,0,0
"147",2,147,"",0,0,8.79105914099378e-07,0.1527157,0.001353642,0,0,0,0,0,0
"148",1,148,"",0,0,2.93998538681246e-05,0.5696963,0.0040529939,0,0,0,0,0,0
"149",1,149,"150_153",0,0,0.00022866186541494,0.2131554,0.0184788,0,0,0,0,0,0
"150",1,150,"151_152",0,0,0.000250877528341876,1.2496878,0.007993835,0,0,0,0,0,0
"151",1,151,"",0,0,2.41683477806452e-05,0.694428,0.00332839555,0,0,0,0,0,0
"152",2,152,"",0,0,1.15461872834851e-06,0.0936359,0.0019811765,0,0,0,0,0,0
"153",2,153,"",0,0,3.23589042577087e-05,0.5607192,0.00428597125,0,0,0,0,0,0
"154",1,154,"155_158",0,0,0.000169909596028173,0.6411715,0.009184318,0,0,0,0,0,0
"155",1,155,"156_157",0,0,5.3824117364592e-06,0.1944804,0.00296808,0,0,0,0,0,0
"156",1,156,"",0,0,4.26194585123198e-07,0.2195342,0.00078610025,0,0,0,0,0,0
"157",2,157,"",0,0,4.72858325280473e-08,0.057217,0.0005128945,0,0,0,0,0,0
"158",2,158,"",0,0,2.84259969724577e-06,0.1317778,0.002620365,0,0,0,0,0,0
"159",1,159,"",0,0,4.07178843212843e-05,0.6407387,0.0044975623,0,0,0,0,0,0
"160",1,160,"161_228",0,0,0.00276649069564703,0.338318,0.0510184333333333,0,0,0,0,0,0
"161",1,161,"162_227",0,0,0.00791969056451368,1.226716,0.0453322375,0,0,0,0,0,0
"162",1,162,"163_225_226",0,0,0.00266890981972197,0.533288,0.0399127,0,0,0,0,0,0
"163",1,163,"164_224",0,0,0.00172110925363882,0.4064326,0.03671428,0,0,0,0,0,0
"164",1,164,"165_223",0,0,0.000203140056976197,0.210984,0.01750645,0,0,0,0,0,0
"165",1,165,"166_222",0,0,6.22966575029548e-05,0.0697614,0.0168597,0,0,0,0,0,0
"166",1,166,"167_197_219",0,0,0.000297274405045278,0.3784515,0.0158124333333333,0,0,0,0,0,0
"167",1,167,"168_196",0,0,0.000164754606063057,0.4666567,0.0106009575,0,0,0,0,0,0
"168",1,168,"169_195",0,0,3.36422384509948e-05,0.1144913,0.00967122,0,0,0,0,0,0
"169",1,169,"170_194",0,0,8.86845208182233e-05,0.36319739,0.0088161225,0,0,0,0,0,0
"170",1,170,"171_193",0,0,0.000100969645072828,0.6830481,0.0068595375,0,0,0,0,0,0
"171",1,171,"172_192",0,0,1.55291907548728e-05,0.1676746,0.005429575,0,0,0,0,0,0
"172",1,172,"173_191",0,0,2.43609999895653e-05,0.3514978,0.0046969,0,0,0,0,0,0
"173",1,173,"174_183",0,0,1.49256379122624e-05,0.299468,0.003983055,0,0,0,0,0,0
"174",1,174,"175_180",0,0,4.75614567102996e-06,0.1954877,0.00278287,0,0,0,0,0,0
"175",1,175,"176_179",0,0,8.0427186636929e-07,0.1105356,0.0015218625,0,0,0,0,0,0
"176",1,176,"177_178",0,0,4.41825147413677e-07,0.3160879,0.0006670315,0,0,0,0,0,0
"177",1,177,"",0,0,4.56253440576403e-09,0.1115698,0.0001140919,0,0,0,0,0,0
"178",2,178,"",0,0,1.90243482144798e-09,0.0686878,9.38945e-05,0,0,0,0,0,0
"179",2,179,"",0,0,1.35231976398593e-07,0.3277918,0.00036238125,0,0,0,0,0,0
"180",2,180,"181_182",0,0,4.15308339773143e-06,0.941483,0.00118496125,0,0,0,0,0,0
"181",2,181,"",0,0,2.10049968940044e-08,0.0808204,0.0002876245,0,0,0,0,0,0
"182",3,182,"",0,0,2.90225923942958e-07,0.6696508,0.00037142315,0,0,0,0,0,0
"183",2,183,"184_188",0,0,4.29892669580025e-06,0.2387133,0.002394235,0,0,0,0,0,0
"184",2,184,"185_186_187",0,0,1.7056380194842e-06,0.320843,0.001300835,0,0,0,0,0,0
"185",2,185,"",0,0,2.02978630040723e-07,0.5740575,0.00033548455,0,0,0,0,0,0
"186",3,186,"",0,0,5.79953535314386e-09,0.0684458,0.0001642284,0,0,0,0,0,0
"187",3,187,"",0,0,4.78343286391964e-08,0.2685646,0.0002381061,0,0,0,0,0,0
"188",3,188,"189_190",0,0,1.02637795299631e-06,0.3794382,0.000927915,0,0,0,0,0,0
"189",3,189,"",0,0,6.26223149508768e-08,0.1372404,0.0003811085,0,0,0,0,0,0
"190",4,190,"",0,0,4.86012661398418e-08,0.169665,0.0003019623,0,0,0,0,0,0
"191",2,191,"",0,0,1.09984740536244e-07,0.1581166,0.0004705465,0,0,0,0,0,0
"192",2,192,"",0,0,9.91637434475345e-08,0.1235252,0.000505503,0,0,0,0,0,0
"193",2,193,"",0,0,1.89009016940266e-07,0.2611293,0.000479997,0,0,0,0,0,0
"194",2,194,"",0,0,5.73393549065614e-06,0.9235149,0.00140581933333333,0,0,0,0,0,0
"195",2,195,"",0,0,1.37410959383733e-06,0.4294337,0.001009224275,0,0,0,0,0,0
"196",2,196,"",0,0,2.77061854744183e-07,0.1681761,0.0007241546,0,0,0,0,0,0
"197",2,197,"198_218",0,0,0.000286930175365933,1.3682009,0.00817030444444444,0,0,0,0,0,0
"198",2,198,"199_214",0,0,1.63701235715291e-05,0.121815,0.006540345,0,0,0,0,0,0
"199",2,199,"200_211",0,0,3.03369517681343e-05,0.3263318,0.00543978,0,0,0,0,0,0
"200",2,200,"201_210",0,0,2.36608046474047e-05,0.5147688,0.00382502,0,0,0,0,0,0
"201",2,201,"202_207",0,0,1.55623879240397e-05,0.7532021,0.00256452785714286,0,0,0,0,0,0
"202",2,202,"203_206",0,0,1.41133790336079e-06,0.4645376,0.000983399833333333,0,0,0,0,0,0
"203",2,203,"204_205",0,0,5.96087024259306e-07,0.6444669,0.00054259975,0,0,0,0,0,0
"204",2,204,"",0,0,1.04257272288814e-09,0.085146,6.24304e-05,0,0,0,0,0,0
"205",3,205,"",0,0,4.86448087665238e-09,0.2179446,8.4288875e-05,0,0,0,0,0,0
"206",3,206,"",0,0,1.03678377254711e-07,0.7510008,0.00020962784,0,0,0,0,0,0
"207",3,207,"208_209",0,0,8.17981902373173e-07,0.811621,0.000566396125,0,0,0,0,0,0
"208",3,208,"",0,0,1.15837298113267e-08,0.1677068,0.00014827705,0,0,0,0,0,0
"209",4,209,"",0,0,5.81416131897299e-09,0.114429,0.00012717465,0,0,0,0,0,0
"210",3,210,"",0,0,8.44419063844938e-08,0.2037036,0.00036324925,0,0,0,0,0,0
"211",3,211,"212_213",0,0,6.96450420278088e-06,0.4052496,0.002338885,0,0,0,0,0,0
"212",3,212,"",0,0,1.3113201738122e-06,0.8525573,0.0006997093,0,0,0,0,0,0
"213",4,213,"",0,0,2.70290040803369e-07,0.4667507,0.0004293362875,0,0,0,0,0,0
"214",3,214,"215_216_217",0,0,1.43275585209756e-05,1.0825489,0.00205252,0,0,0,0,0,0
"215",3,215,"",0,0,7.96330137290305e-08,0.093498,0.0005206795,0,0,0,0,0,0
"216",4,216,"",0,0,4.30902228538244e-07,0.3512208,0.00062491985,0,0,0,0,0,0
"217",4,217,"",0,0,2.46299651967901e-07,0.2508126,0.000559090725,0,0,0,0,0,0
"218",3,218,"",0,0,1.55695907757874e-06,0.535974,0.000961594125,0,0,0,0,0,0
"219",2,219,"220_221",0,0,8.90232161364024e-06,0.3366703,0.0029011775,0,0,0,0,0,0
"220",2,220,"",0,0,2.42810957663631e-08,0.0563448,0.000370367,0,0,0,0,0,0
"221",3,221,"",0,0,1.07192306029386e-07,0.1569426,0.0004662689,0,0,0,0,0,0
"222",2,222,"",0,0,1.28429615581209e-07,0.0688502,0.0007705575,0,0,0,0,0,0
"223",2,223,"",0,0,9.81314525273651e-06,0.7737451,0.002009232625,0,0,0,0,0,0
"224",2,224,"",0,0,7.07680718581177e-06,0.2691006,0.002893253,0,0,0,0,0,0
"225",2,225,"",0,0,1.24281607496609e-05,0.3549602,0.00333840225,0,0,0,0,0,0
"226",2,226,"",0,0,4.59844230372809e-05,1.1614105,0.00355007526428571,0,0,0,0,0,0
"227",2,227,"",0,0,2.67502495727764e-05,0.7918119,0.003279276,0,0,0,0,0,0
"228",2,228,"229_230",0,0,2.75001391663749e-05,0.1746792,0.007079,0,0,0,0,0,0
"229",2,229,"",0,0,1.87747354254234e-06,0.2286798,0.00161658325,0,0,0,0,0,0
"230",3,230,"",0,0,1.68661824261423e-07,0.0808401,0.0008149295,0,0,0,0,0,0
"231",1,231,"232_253",0,0,8.2411971590746e-05,0.1331197,0.0140378,0,0,0,0,0,0
"232",1,232,"233_252",0,0,0.000240751453434484,0.5698602,0.011596458,0,0,0,0,0,0
"233",1,233,"234_245",0,0,3.01678350381624e-05,0.1092568,0.009375035,0,0,0,0,0,0
"234",1,234,"235_244",0,0,3.29614975258546e-05,0.2117518,0.007039065,0,0,0,0,0,0
"235",1,235,"236_243",0,0,1.2964938739525e-05,0.2482003,0.0040776425,0,0,0,0,0,0
"236",1,236,"237_242",0,0,4.6558493336356e-06,0.2487221,0.0024409975,0,0,0,0,0,0
"237",1,237,"238_241",0,0,1.21731856090781e-06,0.1291169,0.00173235,0,0,0,0,0,0
"238",1,238,"239_240",0,0,7.56768129172998e-07,0.2563175,0.000969432,0,0,0,0,0,0
"239",1,239,"",0,0,1.76906745786421e-08,0.147497,0.0001953915,0,0,0,0,0,0
"240",2,240,"",0,0,1.173794011614e-08,0.1174864,0.00017833115,0,0,0,0,0,0
"241",2,241,"",0,0,3.47023981635664e-09,0.0266556,0.0002035685,0,0,0,0,0,0
"242",2,242,"",0,0,6.4223714072324e-08,0.1134198,0.0004245495,0,0,0,0,0,0
"243",2,243,"",0,0,1.88272790883052e-07,0.1797394,0.00057742715,0,0,0,0,0,0
"244",2,244,"",0,0,2.7671110626742e-05,1.6796951,0.002289934875,0,0,0,0,0,0
"245",2,245,"246_251",0,0,2.79568117709641e-05,0.4580772,0.00440757333333333,0,0,0,0,0,0
"246",2,246,"247_250",0,0,4.18353158084812e-06,0.1196754,0.003335755,0,0,0,0,0,0
"247",2,247,"248_249",0,0,3.20179242063846e-06,0.5703744,0.00133672366666667,0,0,0,0,0,0
"248",2,248,"",0,0,1.0616612507128e-08,0.1158158,0.0001708182,0,0,0,0,0,0
"249",3,249,"",0,0,2.32448537151386e-08,0.1754374,0.00020536545,0,0,0,0,0,0
"250",3,250,"",0,0,1.49209784629947e-06,0.7435447,0.00079922705,0,0,0,0,0,0
"251",3,251,"",0,0,1.00245866843859e-07,0.11128,0.000535488,0,0,0,0,0,0
"252",2,252,"",0,0,1.3963098420326e-07,0.075352,0.000768013,0,0,0,0,0,0
"253",2,253,"",0,0,4.49637107228534e-07,0.102055,0.001184238,0,0,0,0,0,0
"254",1,254,"255_260",0,0,0.000393660234509513,0.2081297,0.02453685,0,0,0,0,0,0
"255",1,255,"256_259",0,0,0.000160606492780884,0.1185522,0.02076595,0,0,0,0,0,0
"256",1,256,"257_258",0,0,0.000240109927088969,0.292742,0.016158,0,0,0,0,0,0
"257",1,257,"",0,0,4.53985610074339e-05,0.6801793,0.0046092939125,0,0,0,0,0,0
"258",2,258,"",0,0,9.25749200945912e-07,0.0416235,0.00266074,0,0,0,0,0,0
"259",2,259,"",0,0,1.36278770000979e-05,0.2061124,0.0045876165,0,0,0,0,0,0
"260",2,260,"",0,0,8.1205019097224e-06,0.105461,0.004950745,0,0,0,0,0,0
"261",1,261,"262_451",0,0,0.0614913632751619,1.667132,0.108354544444444,0,0,0,0,0,0
"262",1,262,"263_415_446",0,0,0.00697844156064874,0.3202911,0.0832783,0,0,0,0,0,0
"263",1,263,"264_410",0,0,0.0312639034054691,1.7046,0.0764074,0,0,0,0,0,0
"264",1,264,"265_375",0,0,0.00193595480148089,0.133903,0.0678387,0,0,0,0,0,0
"265",1,265,"266_374",0,0,0.00269150361514733,0.1843787,0.0681659,0,0,0,0,0,0
"266",1,266,"267_373",0,0,0.00365558362341066,0.267948,0.0658989,0,0,0,0,0,0
"267",1,267,"268_372",0,0,0.00867872614261815,0.723623,0.0617869666666667,0,0,0,0,0,0
"268",1,268,"269_335",0,0,0.00145501379322599,0.1391198,0.05769845,0,0,0,0,0,0
"269",1,269,"270_315_334",0,0,0.00300953057987632,0.4817874,0.04459095,0,0,0,0,0,0
"270",1,270,"271_314",0,0,0.00117603745186035,0.2541772,0.038376675,0,0,0,0,0,0
"271",1,271,"272_305",0,0,0.00103245690214328,0.2451579,0.0366132333333333,0,0,0,0,0,0
"272",1,272,"273_304",0,0,0.00130106371210698,0.4170852,0.0315109833333333,0,0,0,0,0,0
"273",1,273,"274_297",0,0,0.00234809124920305,1.1031837,0.02602906875,0,0,0,0,0,0
"274",1,274,"275_296",0,0,0.00066589965697587,0.57111,0.019265025,0,0,0,0,0,0
"275",1,275,"276_295",0,0,0.000344057921492643,0.3677174,0.0172577333333333,0,0,0,0,0,0
"276",1,276,"277_291_294",0,0,0.000250524511607678,0.3289653,0.0155695166666667,0,0,0,0,0,0
"277",1,277,"278_290",0,0,0.000360826312843556,0.8165125,0.01186022,0,0,0,0,0,0
"278",1,278,"279_289",0,0,0.000125048563657278,0.4848534,0.00906064666666667,0,0,0,0,0,0
"279",1,279,"280_287_288",0,0,9.2261393735322e-05,0.6744298,0.00659882625,0,0,0,0,0,0
"280",1,280,"281_286",0,0,6.25861295321006e-05,0.7904801,0.0050201725,0,0,0,0,0,0
"281",1,281,"282_285",0,0,4.34379157881883e-06,0.1299656,0.00326171,0,0,0,0,0,0
"282",1,282,"283_284",0,0,5.13439106885723e-06,1.2241332,0.00115546075,0,0,0,0,0,0
"283",1,283,"",0,0,2.76623224845854e-09,0.1120272,8.86559e-05,0,0,0,0,0,0
"284",2,284,"",0,0,3.11569104937219e-09,0.2447781,6.3652575e-05,0,0,0,0,0,0
"285",2,285,"",0,0,6.32055368601114e-08,0.0974134,0.0004544575,0,0,0,0,0,0
"286",2,286,"",0,0,6.62874486976094e-07,0.340214,0.0007875255,0,0,0,0,0,0
"287",2,287,"",0,0,5.67698861580009e-07,0.2484932,0.00085276,0,0,0,0,0,0
"288",2,288,"",0,0,7.52860317927466e-07,0.4061362,0.000768150675,0,0,0,0,0,0
"289",2,289,"",0,0,2.41325510549479e-07,0.192172,0.0006322395,0,0,0,0,0,0
"290",2,290,"",0,0,1.84702710057767e-06,0.3793658,0.001244894675,0,0,0,0,0,0
"291",2,291,"292_293",0,0,3.43541299598168e-05,1.0713286,0.00319487,0,0,0,0,0,0
"292",2,292,"",0,0,4.88535849168685e-08,0.0720863,0.0004644585,0,0,0,0,0,0
"293",3,293,"",0,0,1.91245583470314e-07,0.2308635,0.000513503175,0,0,0,0,0,0
"294",2,294,"",0,0,5.80348513564521e-07,0.115831,0.0012628655,0,0,0,0,0,0
"295",2,295,"",0,0,8.24094641505577e-07,0.1294716,0.001423398,0,0,0,0,0,0
"296",2,296,"",0,0,6.85993193644823e-07,0.107916,0.0014224665,0,0,0,0,0,0
"297",2,297,"298_303",0,0,4.19263908993972e-05,0.0923895,0.0120187,0,0,0,0,0,0
"298",2,298,"299_302",0,0,8.63291835325438e-05,0.3251762,0.00919273,0,0,0,0,0,0
"299",2,299,"300_301",0,0,3.0048779507321e-05,0.1891164,0.0071117075,0,0,0,0,0,0
"300",2,300,"",0,0,1.47316633508323e-05,0.9593758,0.00221083625,0,0,0,0,0,0
"301",3,301,"",0,0,2.14956957345282e-06,0.3869453,0.0013297684625,0,0,0,0,0,0
"302",3,302,"",0,0,2.01223030607439e-07,0.0653739,0.0009898325,0,0,0,0,0,0
"303",3,303,"",0,0,1.159212899241e-05,0.5100855,0.0026895844,0,0,0,0,0,0
"304",2,304,"",0,0,5.28730225644846e-05,1.1137819,0.00388724626363636,0,0,0,0,0,0
"305",2,305,"306_313",0,0,0.000145431440516793,0.1345174,0.0185509,0,0,0,0,0,0
"306",2,306,"307_312",0,0,0.000289596593317077,0.3626359,0.0159436,0,0,0,0,0,0
"307",2,307,"308_311",0,0,0.000277581656639837,1.0842534,0.00902724125,0,0,0,0,0,0
"308",2,308,"309_310",0,0,2.53105220194897e-05,0.179844,0.006693105,0,0,0,0,0,0
"309",2,309,"",0,0,1.32904926678511e-06,0.126337,0.0018299125,0,0,0,0,0,0
"310",3,310,"",0,0,5.31638713470464e-06,0.5770512,0.00171248268333333,0,0,0,0,0,0
"311",3,311,"",0,0,9.23548692957901e-06,0.4455231,0.00256873823,0,0,0,0,0,0
"312",3,312,"",0,0,5.74175373305144e-06,0.3960598,0.00214816166666667,0,0,0,0,0,0
"313",3,313,"",0,0,9.67418643726096e-06,0.3633582,0.0029111515,0,0,0,0,0,0
"314",2,314,"",0,0,1.55180712650005e-06,0.1051084,0.00216783,0,0,0,0,0,0
"315",2,315,"316_325",0,0,0.000635915182063132,0.8266888,0.0156478125,0,0,0,0,0,0
"316",2,316,"317_324",0,0,6.15139106909977e-05,0.2817009,0.00833715,0,0,0,0,0,0
"317",2,317,"318_323",0,0,2.2324974038063e-05,0.1932382,0.0060642075,0,0,0,0,0,0
"318",2,318,"319_322",0,0,1.6308252247885e-05,0.220308,0.004854155,0,0,0,0,0,0
"319",2,319,"320_321",0,0,5.63443427270951e-06,0.143437,0.00353606,0,0,0,0,0,0
"320",2,320,"",0,0,1.62242277016607e-06,0.5646622,0.000956340883333333,0,0,0,0,0,0
"321",3,321,"",0,0,3.30744297482266e-07,0.332631,0.00056258725,0,0,0,0,0,0
"322",3,322,"",0,0,1.07800028184604e-07,0.077725,0.0006644375,0,0,0,0,0,0
"323",3,323,"",0,0,3.08069611395474e-08,0.0326779,0.0005478005,0,0,0,0,0,0
"324",3,324,"",0,0,1.98057006566759e-06,0.3444582,0.0013528570375,0,0,0,0,0,0
"325",3,325,"326_331",0,0,4.40520934442838e-05,0.2744716,0.00714759,0,0,0,0,0,0
"326",3,326,"327_330",0,0,1.09717588172244e-05,0.2239979,0.0039485825,0,0,0,0,0,0
"327",3,327,"328_329",0,0,1.42111058463619e-06,0.1907278,0.00154004,0,0,0,0,0,0
"328",3,328,"",0,0,9.52343786018026e-08,0.1480612,0.000452482,0,0,0,0,0,0
"329",4,329,"",0,0,8.71582783229759e-08,0.1409608,0.0004436395,0,0,0,0,0,0
"330",4,330,"",0,0,3.12510904550193e-07,0.1596135,0.00078944675,0,0,0,0,0,0
"331",4,331,"332_333",0,0,6.5311698941849e-06,0.3867553,0.002318475,0,0,0,0,0,0
"332",4,332,"",0,0,4.19990520346201e-07,0.1651117,0.0008998205,0,0,0,0,0,0
"333",5,333,"",0,0,8.27869541325124e-08,0.0507966,0.000720259,0,0,0,0,0,0
"334",2,334,"",0,0,1.47333902226405e-06,0.098243,0.00218487,0,0,0,0,0,0
"335",2,335,"336_367",0,0,0.00278095576910206,0.6320828,0.0374227,0,0,0,0,0,0
"336",2,336,"337_354",0,0,0.000486932172259384,0.1474958,0.03241675,0,0,0,0,0,0
"337",2,337,"338_351",0,0,0.0022457753496472,1.6934365,0.0205458333333333,0,0,0,0,0,0
"338",2,338,"339_346",0,0,0.00054867686591583,0.9506063,0.0135544857142857,0,0,0,0,0,0
"339",2,339,"340_345",0,0,0.000189878490156433,0.8100542,0.008637855,0,0,0,0,0,0
"340",2,340,"341_344",0,0,7.02832895167465e-05,0.604568,0.00608315,0,0,0,0,0,0
"341",2,341,"342_343",0,0,6.54909611078149e-05,1.223677,0.004127455,0,0,0,0,0,0
"342",2,342,"",0,0,4.42306290824593e-07,0.3787532,0.00060968915,0,0,0,0,0,0
"343",3,343,"",0,0,4.44551515631062e-07,0.3638261,0.0006236475,0,0,0,0,0,0
"344",3,344,"",0,0,1.3945967267837e-08,0.0262132,0.0004115185,0,0,0,0,0,0
"345",3,345,"",0,0,1.75925559066488e-07,0.157757,0.00059579275,0,0,0,0,0,0
"346",3,346,"347_350",0,0,2.31831557357389e-05,0.3980995,0.00430542,0,0,0,0,0,0
"347",3,347,"348_349",0,0,2.00572581795134e-06,0.166466,0.001958385,0,0,0,0,0,0
"348",3,348,"",0,0,1.74381841518695e-07,0.21082,0.000513121,0,0,0,0,0,0
"349",4,349,"",0,0,1.38319922893407e-07,0.2331675,0.000434543666666667,0,0,0,0,0,0
"350",4,350,"",0,0,3.67387303473478e-07,0.1525367,0.000875588325,0,0,0,0,0,0
"351",3,351,"352_353",0,0,3.17340768743268e-05,0.6852816,0.0038393125,0,0,0,0,0,0
"352",3,352,"",0,0,3.39039601425451e-07,0.1756907,0.000783747,0,0,0,0,0,0
"353",4,353,"",0,0,8.10550267153395e-07,0.5192975,0.0007048665875,0,0,0,0,0,0
"354",3,354,"355_366",0,0,0.00058154077934639,0.5848766,0.01779029,0,0,0,0,0,0
"355",3,355,"356_365",0,0,5.11271293776803e-05,0.0778246,0.0144608,0,0,0,0,0,0
"356",3,356,"357_364",0,0,0.000233111485931023,0.5308981,0.011822282,0,0,0,0,0,0
"357",3,357,"358_363",0,0,6.88173989935108e-05,0.262328,0.009138015,0,0,0,0,0,0
"358",3,358,"359_362",0,0,5.29944609816977e-05,0.4713953,0.0059820175,0,0,0,0,0,0
"359",3,359,"360_361",0,0,3.69421280239489e-05,0.8735728,0.003668905,0,0,0,0,0,0
"360",3,360,"",0,0,1.48758971231712e-07,0.1961972,0.00049127,0,0,0,0,0,0
"361",4,361,"",0,0,1.08499217308519e-07,0.2105986,0.0004049586,0,0,0,0,0,0
"362",4,362,"",0,0,1.51647945534551e-06,0.4401233,0.0010472639375,0,0,0,0,0,0
"363",4,363,"",0,0,3.19835935347515e-06,0.295962,0.001854687375,0,0,0,0,0,0
"364",4,364,"",0,0,1.40848353787242e-07,0.0539565,0.000911547,0,0,0,0,0,0
"365",4,365,"",0,0,1.24916135716072e-06,0.1648169,0.00155322175,0,0,0,0,0,0
"366",4,366,"",0,0,8.73258122358052e-06,0.545516,0.002257317425,0,0,0,0,0,0
"367",3,367,"368_371",0,0,0.000223309071044978,0.4218879,0.01298015,0,0,0,0,0,0
"368",3,368,"369_370",0,0,0.000135819450458776,0.774154,0.007472955,0,0,0,0,0,0
"369",3,369,"",0,0,4.97601498114053e-06,0.6592788,0.00154999875,0,0,0,0,0,0
"370",4,370,"",0,0,1.81261632412913e-06,0.3872611,0.0012206076,0,0,0,0,0,0
"371",4,371,"",0,0,6.94564965536427e-07,0.0909726,0.0015589285,0,0,0,0,0,0
"372",2,372,"",0,0,4.67188177865224e-06,0.1705616,0.002952775,0,0,0,0,0,0
"373",2,373,"",0,0,8.52486891232255e-07,0.059101,0.00214275,0,0,0,0,0,0
"374",2,374,"",0,0,4.34185945905986e-06,0.1780905,0.00278575275,0,0,0,0,0,0
"375",2,375,"376_405",0,0,0.0049795103473843,1.6885482,0.0306380875,0,0,0,0,0,0
"376",2,376,"377_404",0,0,0.00105020156637825,0.9410581,0.018847475,0,0,0,0,0,0
"377",2,377,"378_399",0,0,9.66219174665805e-05,0.1283307,0.01548095,0,0,0,0,0,0
"378",2,378,"379_398",0,0,0.000316967643303257,0.6293079,0.01266196,0,0,0,0,0,0
"379",2,379,"380_395",0,0,6.54575410961083e-05,0.2087191,0.00999134166666667,0,0,0,0,0,0
"380",2,380,"381_392",0,0,0.000254893721152753,0.6640347,0.01105374,0,0,0,0,0,0
"381",2,381,"382_387",0,0,3.40569535037655e-05,0.1821724,0.007714125,0,0,0,0,0,0
"382",2,382,"383_386",0,0,3.15472312376359e-05,0.8882782,0.00336225916666667,0,0,0,0,0,0
"383",2,383,"384_385",0,0,4.79874352684833e-06,0.408545,0.00193361,0,0,0,0,0,0
"384",2,384,"",0,0,9.725671079053e-09,0.0360016,0.0002932405,0,0,0,0,0,0
"385",3,385,"",0,0,4.3615403316548e-08,0.1510031,0.000303215975,0,0,0,0,0,0
"386",3,386,"",0,0,8.14957848546117e-07,0.2466488,0.00102554125,0,0,0,0,0,0
"387",3,387,"388_391",0,0,2.24675403044055e-05,0.9319887,0.002770113125,0,0,0,0,0,0
"388",3,388,"389_390",0,0,1.62415253872809e-06,0.3780371,0.001169422,0,0,0,0,0,0
"389",3,389,"",0,0,8.36348729057449e-10,0.0798265,5.77491e-05,0,0,0,0,0,0
"390",4,390,"",0,0,7.4749646611438e-10,0.0750055,5.632265e-05,0,0,0,0,0,0
"391",4,391,"",0,0,2.49073584502451e-07,0.114364,0.000832615,0,0,0,0,0,0
"392",3,392,"393_394",0,0,4.95115145666357e-05,1.2156473,0.00360059583333333,0,0,0,0,0,0
"393",3,393,"",0,0,2.47473694177583e-06,0.5217684,0.00122871369166667,0,0,0,0,0,0
"394",4,394,"",0,0,2.11190969938637e-07,0.0971862,0.000831688,0,0,0,0,0,0
"395",3,395,"396_397",0,0,1.11300144907157e-05,0.8837735,0.002002176875,0,0,0,0,0,0
"396",3,396,"",0,0,3.09077202821908e-08,0.1028126,0.0003093395,0,0,0,0,0,0
"397",4,397,"",0,0,6.81263296646439e-09,0.0444462,0.0002208845,0,0,0,0,0,0
"398",3,398,"",0,0,1.48572416029451e-06,0.1567283,0.0017370825,0,0,0,0,0,0
"399",3,399,"400_403",0,0,2.19021141660552e-05,0.1751906,0.006308305,0,0,0,0,0,0
"400",3,400,"401_402",0,0,4.89001750936599e-06,0.1255559,0.003520965,0,0,0,0,0,0
"401",3,401,"",0,0,3.9637473099146e-06,0.2846053,0.00210550633333333,0,0,0,0,0,0
"402",4,402,"",0,0,1.88584357565668e-07,0.0539028,0.001055291,0,0,0,0,0,0
"403",4,403,"",0,0,1.91035954227058e-05,0.6337614,0.00309756,0,0,0,0,0,0
"404",3,404,"",0,0,5.60128869722438e-06,0.2985434,0.002443798,0,0,0,0,0,0
"405",3,405,"406_409",0,0,4.17649471823662e-05,0.142066,0.00967355166666667,0,0,0,0,0,0
"406",3,406,"407_408",0,0,1.63851703934778e-05,0.0721883,0.008499965,0,0,0,0,0,0
"407",3,407,"",0,0,3.0161028090559e-05,1.0828529,0.00297757975,0,0,0,0,0,0
"408",4,408,"",0,0,2.86501550759203e-06,0.1351026,0.002598105,0,0,0,0,0,0
"409",4,409,"",0,0,8.2624912349428e-07,0.0651238,0.002009605,0,0,0,0,0,0
"410",2,410,"411_414",0,0,6.28987752200228e-05,0.1673495,0.0109379,0,0,0,0,0,0
"411",2,411,"412_413",0,0,4.28581235518413e-05,0.3216571,0.00651246,0,0,0,0,0,0
"412",2,412,"",0,0,7.03049165486733e-07,0.1528783,0.0012098875,0,0,0,0,0,0
"413",3,413,"",0,0,6.96688244780884e-07,0.1521094,0.001207442,0,0,0,0,0,0
"414",3,414,"",0,0,2.17581177694764e-06,0.1664689,0.0020397135,0,0,0,0,0,0
"415",2,415,"416_445",0,0,0.00314455399524563,0.8125262,0.0350982857142857,0,0,0,0,0,0
"416",2,416,"417_444",0,0,0.00173201955896727,0.5491661,0.0316847,0,0,0,0,0,0
"417",2,417,"418_443",0,0,0.00247254101432223,1.0648258,0.027186765,0,0,0,0,0,0
"418",2,418,"419_442",0,0,0.00106583228702636,0.612712,0.02353105,0,0,0,0,0,0
"419",2,419,"420_441",0,0,0.000336110009608448,0.2307564,0.021532225,0,0,0,0,0,0
"420",2,420,"421_438",0,0,0.00164562408264471,1.6437398,0.0178514642857143,0,0,0,0,0,0
"421",2,421,"422_437",0,0,0.000559226316005425,1.3200935,0.01161225375,0,0,0,0,0,0
"422",2,422,"423_436",0,0,7.19259002753218e-05,0.3082901,0.00861763166666667,0,0,0,0,0,0
"423",2,423,"424_435",0,0,3.86354921726163e-05,0.206505,0.00771708,0,0,0,0,0,0
"424",2,424,"425_434",0,0,5.32573494697427e-05,0.4817303,0.00593216,0,0,0,0,0,0
"425",2,425,"426_431",0,0,1.40176198141445e-05,0.1704772,0.0051159825,0,0,0,0,0,0
"426",2,426,"427_430",0,0,4.54162852013863e-05,0.915263,0.003974275,0,0,0,0,0,0
"427",2,427,"428_429",0,0,6.59413181401563e-06,1.0249271,0.0014310585,0,0,0,0,0,0
"428",2,428,"",0,0,6.50468758214147e-09,0.0856068,0.00015551925,0,0,0,0,0,0
"429",3,429,"",0,0,4.80649403777791e-08,0.6279045,0.00015609625,0,0,0,0,0,0
"430",3,430,"",0,0,4.88511550073034e-08,0.088011,0.0004203335,0,0,0,0,0,0
"431",3,431,"432_433",0,0,2.55323252686975e-06,0.3837288,0.0014553185,0,0,0,0,0,0
"432",3,432,"",0,0,9.69231770077196e-09,0.1103507,0.0001672058,0,0,0,0,0,0
"433",4,433,"",0,0,3.37550271186277e-09,0.0614794,0.0001321994,0,0,0,0,0,0
"434",3,434,"",0,0,6.45010993683165e-08,0.075628,0.0005210355,0,0,0,0,0,0
"435",3,435,"",0,0,1.18370623116314e-05,1.4855144,0.00159260691666667,0,0,0,0,0,0
"436",3,436,"",0,0,8.89591030403158e-07,0.3819278,0.0008610524875,0,0,0,0,0,0
"437",3,437,"",0,0,9.19026450272102e-07,0.3551543,0.000907570833333333,0,0,0,0,0,0
"438",3,438,"439_440",0,0,1.33326374146335e-05,0.417953,0.00318654,0,0,0,0,0,0
"439",3,439,"",0,0,2.59508731105034e-07,0.180431,0.000676621,0,0,0,0,0,0
"440",4,440,"",0,0,9.24916048602918e-08,0.1664828,0.000420524725,0,0,0,0,0,0
"441",3,441,"",0,0,6.85411110253702e-07,0.0995515,0.001480392,0,0,0,0,0,0
"442",3,442,"",0,0,1.59751528241579e-05,0.9283848,0.00234036483333333,0,0,0,0,0,0
"443",3,443,"",0,0,1.05579083774401e-05,0.6143527,0.002338864825,0,0,0,0,0,0
"444",3,444,"",0,0,3.27380857838818e-06,0.2216422,0.0021683305,0,0,0,0,0,0
"445",3,445,"",0,0,1.34883202247751e-06,0.1026236,0.00204541,0,0,0,0,0,0
"446",2,446,"447_450",0,0,0.000171450279295772,0.2690375,0.01424255,0,0,0,0,0,0
"447",2,447,"448_449",0,0,6.81240486699098e-05,0.8536704,0.00503999583333333,0,0,0,0,0,0
"448",2,448,"",0,0,4.61283454768504e-08,0.0954199,0.000392274,0,0,0,0,0,0
"449",3,449,"",0,0,8.38309609255552e-08,0.194708,0.000370199125,0,0,0,0,0,0
"450",3,450,"",0,0,8.5180332252283e-06,0.3309243,0.0028624005,0,0,0,0,0,0
"451",2,451,"452_453",0,0,0.00019148926792369,0.8434357,0.008501025,0,0,0,0,0,0
"452",2,452,"",0,0,1.22644078328641e-05,0.4811902,0.0028483278,0,0,0,0,0,0
"453",3,453,"",0,0,2.15076635961488e-06,0.1149236,0.002440715,0,0,0,0,0,0
"454",1,454,"455_498",0,0,0.00338898921747826,0.2845561,0.061571,0,0,0,0,0,0
"455",1,455,"456_497",0,0,0.000289893496470466,0.0969744,0.0308472,0,0,0,0,0,0
"456",1,456,"457_496",0,0,0.000974093723549882,0.3570911,0.029467,0,0,0,0,0,0
"457",1,457,"458_495",0,0,0.000510583341623795,0.2104387,0.02779045,0,0,0,0,0,0
"458",1,458,"459_494",0,0,0.00134204888497202,0.6932713,0.0248231916666667,0,0,0,0,0,0
"459",1,459,"460_493",0,0,0.000418012337465794,0.2852101,0.021599175,0,0,0,0,0,0
"460",1,460,"461_478",0,0,0.000692215494567147,0.6302067,0.01869839,0,0,0,0,0,0
"461",1,461,"462_477",0,0,7.27172686159693e-05,0.1462103,0.01258215,0,0,0,0,0,0
"462",1,462,"463_472",0,0,9.06517950025228e-05,0.22623,0.01129375,0,0,0,0,0,0
"463",1,463,"464_471",0,0,0.000106144336153797,0.5649555,0.00773332666666667,0,0,0,0,0,0
"464",1,464,"465_470",0,0,9.70655236845048e-06,0.1211477,0.0050501,0,0,0,0,0,0
"465",1,465,"466_469",0,0,1.38556077849997e-05,0.349535,0.00355216,0,0,0,0,0,0
"466",1,466,"467_468",0,0,8.49564788282976e-07,0.0827586,0.00180766,0,0,0,0,0,0
"467",1,467,"",0,0,7.75369033406034e-08,0.1264084,0.00044186675,0,0,0,0,0,0
"468",2,468,"",0,0,2.21928570622356e-07,0.2333412,0.000550219475,0,0,0,0,0,0
"469",2,469,"",0,0,1.27482627585699e-06,0.6408428,0.0007957466375,0,0,0,0,0,0
"470",2,470,"",0,0,2.54192083203192e-06,0.7158618,0.0010631425,0,0,0,0,0,0
"471",2,471,"",0,0,4.74970605928551e-06,0.7505736,0.00141925942857143,0,0,0,0,0,0
"472",2,472,"473_476",0,0,2.36611826271598e-05,0.2472417,0.00551928,0,0,0,0,0,0
"473",2,473,"474_475",0,0,2.60718898765725e-06,0.1907739,0.0020857,0,0,0,0,0,0
"474",2,474,"",0,0,1.0715980581188e-07,0.1135044,0.0005481945,0,0,0,0,0,0
"475",3,475,"",0,0,1.32254728700602e-07,0.1958278,0.00046365345,0,0,0,0,0,0
"476",3,476,"",0,0,2.31552813361982e-06,0.4528277,0.00127580295,0,0,0,0,0,0
"477",2,477,"",0,0,3.49438664255552e-06,0.3900279,0.00168873966666667,0,0,0,0,0,0
"478",2,478,"479_492",0,0,0.000269985038899944,0.9014138,0.00976411333333333,0,0,0,0,0,0
"479",2,479,"480_491",0,0,0.000207791185675005,1.2842867,0.00717641642857143,0,0,0,0,0,0
"480",2,480,"481_490",0,0,2.76392859467096e-05,0.475785,0.004300145,0,0,0,0,0,0
"481",2,481,"482_489",0,0,8.01343127561305e-06,0.2685072,0.00308216833333333,0,0,0,0,0,0
"482",2,482,"483_488",0,0,4.14920581145612e-06,0.220392,0.00244799,0,0,0,0,0,0
"483",2,483,"484_487",0,0,3.52520873493144e-06,0.5722919,0.00140026,0,0,0,0,0,0
"484",2,484,"485_486",0,0,2.95035012482313e-07,0.297742,0.000561619,0,0,0,0,0,0
"485",2,485,"",0,0,8.97282618050091e-09,0.1466128,0.00013957375,0,0,0,0,0,0
"486",3,486,"",0,0,1.06727516994404e-08,0.3054715,0.000105457608333333,0,0,0,0,0,0
"487",3,487,"",0,0,1.29658690749757e-08,0.0447424,0.000303715,0,0,0,0,0,0
"488",3,488,"",0,0,1.67852784650696e-08,0.0646317,0.000287519,0,0,0,0,0,0
"489",3,489,"",0,0,2.06370374466175e-07,0.226151,0.00053895125,0,0,0,0,0,0
"490",3,490,"",0,0,6.65390524210034e-07,0.5067551,0.0006464937125,0,0,0,0,0,0
"491",3,491,"",0,0,1.00515182531669e-06,0.146995,0.0014753315,0,0,0,0,0,0
"492",3,492,"",0,0,1.14446575875191e-07,0.0642218,0.0007531565,0,0,0,0,0,0
"493",2,493,"",0,0,1.24156185024231e-06,0.1469418,0.0016399725,0,0,0,0,0,0
"494",2,494,"",0,0,1.30748492267271e-05,0.54536,0.0027624967,0,0,0,0,0,0
"495",2,495,"",0,0,1.46089192203282e-05,0.4696252,0.00314672225,0,0,0,0,0,0
"496",2,496,"",0,0,1.02716599844141e-06,0.1019477,0.0017908395,0,0,0,0,0,0
"497",2,497,"",0,0,4.2765475883737e-06,0.2306741,0.0024292505,0,0,0,0,0,0
"498",2,498,"",0,0,1.57778377044611e-05,0.131952,0.00616937,0,0,0,0,0,0
"499",1,499,"500_503",0,0,0.000143955579590944,0.4463187,0.01013250375,0,0,0,0,0,0
"500",1,500,"501_502",0,0,1.35301174933558e-05,0.2428767,0.0042109775,0,0,0,0,0,0
"501",1,501,"",0,0,8.6417887845112e-07,0.1619433,0.001303303,0,0,0,0,0,0
"502",2,502,"",0,0,1.21193805245407e-06,0.2436025,0.0012584165,0,0,0,0,0,0
"503",2,503,"",0,0,6.45162339063425e-07,0.0495825,0.002035145,0,0,0,0,0,0
"504",1,504,"505_840",0,0,0.110600492811008,1.364982,0.160598,0,0,0,0,0,0
"505",1,505,"506_839",0,0,0.0798750845278081,0.996114,0.159763,0,0,0,0,0,0
"506",1,506,"507_838",0,0,0.160202780058806,1.6063112,0.178174375,0,0,0,0,0,0
"507",1,507,"508_834",0,0,0.0278555492790944,0.289909,0.174884,0,0,0,0,0,0
"508",1,508,"509_833",0,0,0.0912839503167864,1.0214855,0.1686577,0,0,0,0,0,0
"509",1,509,"510_713",0,0,0.00614141544983603,0.0757814,0.160612,0,0,0,0,0,0
"510",1,510,"511_708",0,0,0.023369411771333,0.436821,0.130496,0,0,0,0,0,0
"511",1,511,"512_707",0,0,0.0106808407885117,0.21695,0.12518375,0,0,0,0,0,0
"512",1,512,"513_706",0,0,0.0121856848443378,0.2590978,0.122354,0,0,0,0,0,0
"513",1,513,"514_705",0,0,0.0318306604582994,0.7397558,0.11703175,0,0,0,0,0,0
"514",1,514,"515_668",0,0,0.0295658583050064,0.8079368,0.107927375,0,0,0,0,0,0
"515",1,515,"516_667",0,0,0.0226616536556446,1.0631546,0.08237068,0,0,0,0,0,0
"516",1,516,"517_666",0,0,0.00232856869210205,0.1221236,0.0779058,0,0,0,0,0,0
"517",1,517,"518_661",0,0,0.0047488986426714,0.2588416,0.07641955,0,0,0,0,0,0
"518",1,518,"519_660",0,0,0.00543602569044207,0.3199682,0.0735381,0,0,0,0,0,0
"519",1,519,"520_659",0,0,0.00131605226995151,0.0809975,0.07191605,0,0,0,0,0,0
"520",1,520,"521_645",0,0,0.00240406720687623,0.152474,0.070843575,0,0,0,0,0,0
"521",1,521,"522_644",0,0,0.00164675046308855,0.1166654,0.0670298,0,0,0,0,0,0
"522",1,522,"523_637",0,0,0.00611224378203844,0.4613595,0.06493901,0,0,0,0,0,0
"523",1,523,"524_585",0,0,0.0139050568909721,1.470033,0.0548716357142857,0,0,0,0,0,0
"524",1,524,"525_584",0,0,0.00190333017006145,0.4526411,0.036585175,0,0,0,0,0,0
"525",1,525,"526_579",0,0,0.00374271864754249,1.2529576,0.0308354625,0,0,0,0,0,0
"526",1,526,"527_576",0,0,0.000183192095560912,0.080629,0.0268926,0,0,0,0,0,0
"527",1,527,"528_559",0,0,0.000265840736554316,0.1217749,0.0263607,0,0,0,0,0,0
"528",1,528,"529_556",0,0,0.00134840871983028,1.1684413,0.01916604,0,0,0,0,0,0
"529",1,529,"530_553",0,0,0.000105687537392608,0.1325558,0.0159308,0,0,0,0,0,0
"530",1,530,"531_552",0,0,9.73987208883785e-05,0.132264,0.0153102,0,0,0,0,0,0
"531",1,531,"532_551",0,0,0.000167187566565756,0.2548416,0.0144508,0,0,0,0,0,0
"532",1,532,"533_550",0,0,0.000182121670991202,0.3318243,0.013217575,0,0,0,0,0,0
"533",1,533,"534_547",0,0,0.000147458364360365,0.3302992,0.0119208166666667,0,0,0,0,0,0
"534",1,534,"535_546",0,0,7.59711519847269e-05,0.2826598,0.00924948166666667,0,0,0,0,0,0
"535",1,535,"536_545",0,0,0.000107331268647313,0.5666184,0.007765025,0,0,0,0,0,0
"536",1,536,"537_544",0,0,6.473411363272e-05,0.8067024,0.00505399714285714,0,0,0,0,0,0
"537",1,537,"538_541",0,0,1.14706643827982e-05,0.2770666,0.0036301725,0,0,0,0,0,0
"538",1,538,"539_540",0,0,9.05844168432643e-06,0.9545016,0.00173805485714286,0,0,0,0,0,0
"539",1,539,"",0,0,1.9828858263469e-07,0.6386835,0.000314362743,0,0,0,0,0,0
"540",2,540,"",0,0,1.02449113854469e-08,0.0757661,0.0002074635,0,0,0,0,0,0
"541",2,541,"542_543",0,0,2.21138973811625e-06,0.7239674,0.000986048333333333,0,0,0,0,0,0
"542",2,542,"",0,0,4.82694751596776e-09,0.1827572,9.169045e-05,0,0,0,0,0,0
"543",3,543,"",0,0,2.35023181164527e-09,0.1207514,7.87108e-05,0,0,0,0,0,0
"544",2,544,"",0,0,5.91546041701811e-08,0.0603688,0.000558487,0,0,0,0,0,0
"545",2,545,"",0,0,1.08628747978235e-06,0.2666043,0.00113884305,0,0,0,0,0,0
"546",2,546,"",0,0,4.79129704278772e-06,0.6326192,0.001552674525,0,0,0,0,0,0
"547",2,547,"548_549",0,0,6.79594989863203e-05,0.6968218,0.00557172,0,0,0,0,0,0
"548",2,548,"",0,0,1.40133940780326e-05,1.5768381,0.00168191165,0,0,0,0,0,0
"549",3,549,"",0,0,2.70197116445573e-07,0.1023387,0.0009167385,0,0,0,0,0,0
"550",2,550,"",0,0,4.09989188323571e-07,0.0775478,0.0012972585,0,0,0,0,0,0
"551",2,551,"",0,0,1.55676496898112e-06,0.148382,0.001827452,0,0,0,0,0,0
"552",2,552,"",0,0,2.17694671329034e-07,0.0463313,0.0012229585,0,0,0,0,0,0
"553",2,553,"554_555",0,0,5.69798885889608e-06,0.146088,0.003523535,0,0,0,0,0,0
"554",2,554,"",0,0,1.39297958131918e-07,0.0497842,0.0009437385,0,0,0,0,0,0
"555",3,555,"",0,0,4.300109028195e-07,0.1680244,0.000902565275,0,0,0,0,0,0
"556",2,556,"557_558",0,0,9.99537502301627e-06,0.1265998,0.00501312,0,0,0,0,0,0
"557",2,557,"",0,0,1.27403816152828e-06,0.2075126,0.00139795775,0,0,0,0,0,0
"558",3,558,"",0,0,2.14232150640926e-06,0.3534914,0.00138892233333333,0,0,0,0,0,0
"559",2,559,"560_575",0,0,0.000597805060028095,0.7619708,0.01580286,0,0,0,0,0,0
"560",2,560,"561_574",0,0,0.000184747396145437,0.3287201,0.013375225,0,0,0,0,0,0
"561",2,561,"562_569",0,0,0.000361068171320779,0.9601182,0.0109410075,0,0,0,0,0,0
"562",2,562,"563_568",0,0,5.49268160888441e-05,0.425963,0.006406655,0,0,0,0,0,0
"563",2,563,"564_567",0,0,4.31005082031216e-05,0.659458,0.0045611325,0,0,0,0,0,0
"564",2,564,"565_566",0,0,1.24544386229487e-05,1.0451583,0.00194758358333333,0,0,0,0,0,0
"565",2,565,"",0,0,3.00288666206155e-08,0.1121791,0.000291903,0,0,0,0,0,0
"566",3,566,"",0,0,1.63725410458235e-07,0.6409301,0.0002851528875,0,0,0,0,0,0
"567",3,567,"",0,0,3.04854838206377e-07,0.137274,0.0008407705,0,0,0,0,0,0
"568",3,568,"",0,0,1.64148447496782e-06,0.3056623,0.00130744225,0,0,0,0,0,0
"569",3,569,"570_573",0,0,2.24925543468636e-05,0.283444,0.005025865,0,0,0,0,0,0
"570",3,570,"571_572",0,0,2.63464029501827e-05,1.2505899,0.00258957366666667,0,0,0,0,0,0
"571",3,571,"",0,0,8.385853547197e-08,0.2692079,0.00031488705,0,0,0,0,0,0
"572",4,572,"",0,0,1.6404952407716e-09,0.0246034,0.00014568505,0,0,0,0,0,0
"573",4,573,"",0,0,2.00699548111832e-07,0.0790996,0.0008986925,0,0,0,0,0,0
"574",3,574,"",0,0,5.72436659972799e-07,0.0812284,0.0014977345,0,0,0,0,0,0
"575",3,575,"",0,0,1.35103541851094e-06,0.1506384,0.001689626,0,0,0,0,0,0
"576",2,576,"577_578",0,0,7.05463297464639e-06,0.1298921,0.00415787,0,0,0,0,0,0
"577",2,577,"",0,0,9.44399086397464e-07,0.1168081,0.001604229,0,0,0,0,0,0
"578",3,578,"",0,0,3.65352060379511e-07,0.0689832,0.001298402,0,0,0,0,0,0
"579",2,579,"580_583",0,0,6.701575705896e-05,0.3292086,0.0080496675,0,0,0,0,0,0
"580",2,580,"581_582",0,0,2.63151527983878e-05,0.5908003,0.00376537,0,0,0,0,0,0
"581",2,581,"",0,0,4.86617855573812e-07,0.3457862,0.000669291416666667,0,0,0,0,0,0
"582",3,582,"",0,0,2.53094067206961e-08,0.0393474,0.000452489,0,0,0,0,0,0
"583",3,583,"",0,0,9.29981154790169e-07,0.1005935,0.0017154465,0,0,0,0,0,0
"584",2,584,"",0,0,8.60734425932641e-06,0.2878996,0.003084886,0,0,0,0,0,0
"585",2,585,"586_621",0,0,0.00209424929131195,0.642198,0.03221846,0,0,0,0,0,0
"586",2,586,"587_620",0,0,0.000284202426352872,0.1645998,0.0234436,0,0,0,0,0,0
"587",2,587,"588_619",0,0,0.000111126561602891,0.067387,0.0229111,0,0,0,0,0,0
"588",2,588,"589_618",0,0,0.000454211937960683,0.3023715,0.0218667333333333,0,0,0,0,0,0
"589",2,589,"590_617",0,0,0.000233452010880108,0.179272,0.020359525,0,0,0,0,0,0
"590",2,590,"591_604",0,0,0.000649416611254797,0.6822919,0.0174061071428571,0,0,0,0,0,0
"591",2,591,"592_603",0,0,0.000137587433810341,0.2814774,0.012473625,0,0,0,0,0,0
"592",2,592,"593_600",0,0,0.000210227505597092,0.6203513,0.01038606375,0,0,0,0,0,0
"593",2,593,"594_599",0,0,0.000108896528931079,0.55059,0.00793447,0,0,0,0,0,0
"594",2,594,"595_598",0,0,0.000107604697018584,0.8814922,0.0062334925,0,0,0,0,0,0
"595",2,595,"596_597",0,0,9.892084101824e-06,1.3456372,0.0015296954375,0,0,0,0,0,0
"596",2,596,"",0,0,1.10904568209357e-09,0.1480042,4.883855e-05,0,0,0,0,0,0
"597",3,597,"",0,0,7.78614636233494e-10,0.1216403,4.513855e-05,0,0,0,0,0,0
"598",3,598,"",0,0,1.12103219905899e-06,0.2850292,0.00111889525,0,0,0,0,0,0
"599",3,599,"",0,0,2.71901646452853e-07,0.0722322,0.0010946255,0,0,0,0,0,0
"600",3,600,"601_602",0,0,6.07780476497464e-06,0.1352051,0.0037827,0,0,0,0,0,0
"601",3,601,"",0,0,2.28910615974876e-06,0.3529679,0.0014367805,0,0,0,0,0,0
"602",4,602,"",0,0,4.17406081670442e-07,0.0979175,0.0011648615,0,0,0,0,0,0
"603",3,603,"",0,0,8.72838748237352e-07,0.0972426,0.0016903,0,0,0,0,0,0
"604",3,604,"605_616",0,0,7.28547584572527e-05,0.2540549,0.00955411,0,0,0,0,0,0
"605",3,605,"606_615",0,0,5.72057192762296e-05,0.33567,0.0073652675,0,0,0,0,0,0
"606",3,606,"607_612",0,0,2.05964530652211e-05,0.231349,0.00532338,0,0,0,0,0,0
"607",3,607,"608_611",0,0,7.24531851528768e-06,0.2327405,0.0031478775,0,0,0,0,0,0
"608",3,608,"609_610",0,0,2.53438917364627e-06,0.3425345,0.00153465075,0,0,0,0,0,0
"609",3,609,"",0,0,1.05142461015648e-08,0.046787,0.0002674555,0,0,0,0,0,0
"610",4,610,"",0,0,6.95559217392123e-08,0.2152227,0.000320736275,0,0,0,0,0,0
"611",4,611,"",0,0,6.39874554703426e-07,0.210232,0.00098429,0,0,0,0,0,0
"612",4,612,"613_614",0,0,3.05683506947044e-06,0.1645462,0.00243174,0,0,0,0,0,0
"613",4,613,"",0,0,5.95423875583162e-07,0.2313462,0.00090512175,0,0,0,0,0,0
"614",5,614,"",0,0,1.6283367075822e-07,0.0920733,0.000750292,0,0,0,0,0,0
"615",4,615,"",0,0,9.9789948064677e-07,0.145758,0.001476224,0,0,0,0,0,0
"616",4,616,"",0,0,4.07015312379293e-06,0.3291738,0.001983891,0,0,0,0,0,0
"617",3,617,"",0,0,6.54352824103155e-06,0.4030484,0.0022732775,0,0,0,0,0,0
"618",3,618,"",0,0,3.67602327977992e-06,0.15573,0.00274112,0,0,0,0,0,0
"619",3,619,"",0,0,1.05386827514116e-06,0.072025,0.002158125,0,0,0,0,0,0
"620",3,620,"",0,0,8.50404606552424e-07,0.0633368,0.00206733,0,0,0,0,0,0
"621",3,621,"622_636",0,0,0.000304982787134007,0.2418715,0.020034125,0,0,0,0,0,0
"622",3,622,"623_635",0,0,0.000333544586083372,0.3429609,0.0175946125,0,0,0,0,0,0
"623",3,623,"624_634",0,0,0.000328797062948769,0.5286829,0.0140699125,0,0,0,0,0,0
"624",3,624,"625_633",0,0,5.36637474505354e-05,0.1460016,0.0108165,0,0,0,0,0,0
"625",3,625,"626_632",0,0,5.75784064582059e-05,0.1975215,0.0096326925,0,0,0,0,0,0
"626",3,626,"627_631",0,0,0.00010887605709539,0.659816,0.00724736,0,0,0,0,0,0
"627",3,627,"628_629_630",0,0,2.04417904012585e-05,0.2200314,0.0054380375,0,0,0,0,0,0
"628",3,628,"",0,0,1.18463543959963e-05,1.1724752,0.00179335220625,0,0,0,0,0,0
"629",4,629,"",0,0,2.02958085157276e-07,0.0819631,0.000887808,0,0,0,0,0,0
"630",4,630,"",0,0,3.74168129688338e-06,0.8975192,0.00115195784375,0,0,0,0,0,0
"631",4,631,"",0,0,5.07407625554968e-07,0.1155432,0.00118231,0,0,0,0,0,0
"632",4,632,"",0,0,1.59997690053953e-05,0.9563976,0.00230761142857143,0,0,0,0,0,0
"633",4,633,"",0,0,1.20668565238275e-06,0.1850135,0.0014408555,0,0,0,0,0,0
"634",4,634,"",0,0,4.40544527247512e-05,1.1887601,0.00343457385,0,0,0,0,0,0
"635",4,635,"",0,0,7.29622307371815e-07,0.0711365,0.001806874,0,0,0,0,0,0
"636",4,636,"",0,0,3.97314459004893e-06,0.2562634,0.0022215135,0,0,0,0,0,0
"637",2,637,"638_643",0,0,0.000228488644175503,0.2750157,0.016262175,0,0,0,0,0,0
"638",2,638,"639_642",0,0,0.000120992063240762,0.6538881,0.00767453,0,0,0,0,0,0
"639",2,639,"640_641",0,0,5.50134556599988e-06,0.4485874,0.0019757682,0,0,0,0,0,0
"640",2,640,"",0,0,1.36806004083613e-09,0.0536005,9.013495e-05,0,0,0,0,0,0
"641",3,641,"",0,0,8.98392549703292e-10,0.0424504,8.20762e-05,0,0,0,0,0,0
"642",3,642,"",0,0,1.50794858964576e-07,0.0532635,0.0009493,0,0,0,0,0,0
"643",3,643,"",0,0,3.74678163160527e-05,0.5574617,0.00462537275,0,0,0,0,0,0
"644",2,644,"",0,0,3.3678066956792e-06,0.0827901,0.0035984,0,0,0,0,0,0
"645",2,645,"646_658",0,0,0.000693377129188563,0.329505,0.0258808666666667,0,0,0,0,0,0
"646",2,646,"647_657",0,0,0.000234299695090998,0.1525268,0.0221125,0,0,0,0,0,0
"647",2,647,"648_656",0,0,0.000532475304697598,0.5190338,0.0180707833333333,0,0,0,0,0,0
"648",2,648,"649_654_655",0,0,0.000147642740507016,0.3923842,0.0109439816666667,0,0,0,0,0,0
"649",2,649,"650_653",0,0,3.72505352843899e-05,0.3297247,0.005996745,0,0,0,0,0,0
"650",2,650,"651_652",0,0,8.54057039883443e-06,0.2510875,0.003290455,0,0,0,0,0,0
"651",2,651,"",0,0,7.29305904382116e-07,0.3478702,0.00081690455,0,0,0,0,0,0
"652",3,652,"",0,0,1.15044445818916e-06,0.4515794,0.00090051475,0,0,0,0,0,0
"653",3,653,"",0,0,6.95256610775835e-07,0.1831578,0.00109922075,0,0,0,0,0,0
"654",3,654,"",0,0,4.01156713123896e-07,0.0662274,0.0013885555,0,0,0,0,0,0
"655",3,655,"",0,0,5.70297614548625e-06,0.7374917,0.00156890726,0,0,0,0,0,0
"656",3,656,"",0,0,3.46464040927344e-05,0.9942799,0.00333042621875,0,0,0,0,0,0
"657",3,657,"",0,0,2.71382827562582e-06,0.09192,0.00306557,0,0,0,0,0,0
"658",3,658,"",0,0,5.17727175837365e-06,0.1245932,0.003636875,0,0,0,0,0,0
"659",2,659,"",0,0,5.82854725816072e-06,0.154441,0.003465963,0,0,0,0,0,0
"660",2,660,"",0,0,7.56117950121371e-06,0.1250936,0.00438634,0,0,0,0,0,0
"661",2,661,"662_665",0,0,7.89950825393588e-05,0.1542523,0.0127676,0,0,0,0,0,0
"662",2,662,"663_664",0,0,3.22022536180605e-05,0.1504624,0.008253805,0,0,0,0,0,0
"663",2,663,"",0,0,8.19027127394365e-06,0.215366,0.00347925,0,0,0,0,0,0
"664",3,664,"",0,0,4.18087922691849e-06,0.1483293,0.002995335,0,0,0,0,0,0
"665",3,665,"",0,0,8.15250235110757e-06,0.1571525,0.00406359,0,0,0,0,0,0
"666",2,666,"",0,0,1.26934114997858e-05,0.1561585,0.005086645,0,0,0,0,0,0
"667",2,667,"",0,0,6.5414660422983e-06,0.1071572,0.004408105,0,0,0,0,0,0
"668",2,668,"669_704",0,0,0.00230339745124568,0.1801508,0.0637957,0,0,0,0,0,0
"669",2,669,"670_703",0,0,0.0277406722850775,3.2967492,0.0517536041666667,0,0,0,0,0,0
"670",2,670,"671_702",0,0,0.00132086821217477,0.2763646,0.0390044,0,0,0,0,0,0
"671",2,671,"672_689",0,0,0.00213708611186763,0.4974198,0.03698065,0,0,0,0,0,0
"672",2,672,"673_686",0,0,0.0042957198875825,1.8097652,0.02748729,0,0,0,0,0,0
"673",2,673,"674_685",0,0,0.00139007770014567,1.1493598,0.019620795,0,0,0,0,0,0
"674",2,674,"675_684",0,0,0.000825840080793311,1.088182,0.01554255,0,0,0,0,0,0
"675",2,675,"676_683",0,0,0.000384324207689295,1.8528634,0.00812554,0,0,0,0,0,0
"676",2,676,"677_682",0,0,1.61700926983066e-05,0.1852712,0.00527081,0,0,0,0,0,0
"677",2,677,"678_681",0,0,1.13226091874134e-05,0.4458758,0.002843095,0,0,0,0,0,0
"678",2,678,"679_680",0,0,1.25083911630246e-06,0.1164653,0.00184896,0,0,0,0,0,0
"679",2,679,"",0,0,3.29647849349701e-07,0.2995518,0.0005918535,0,0,0,0,0,0
"680",3,680,"",0,0,7.5061121236225e-07,0.6409785,0.000610535408333333,0,0,0,0,0,0
"681",3,681,"",0,0,5.70262633525885e-08,0.0811242,0.0004730285,0,0,0,0,0,0
"682",3,682,"",0,0,3.45263143083529e-06,2.0719557,0.000728299380833333,0,0,0,0,0,0
"683",3,683,"",0,0,2.13772769780344e-07,0.1371361,0.00070440975,0,0,0,0,0,0
"684",3,684,"",0,0,6.95843829897772e-05,2.5934746,0.00292240198714286,0,0,0,0,0,0
"685",3,685,"",0,0,6.87523998477673e-07,0.0790776,0.0016635745,0,0,0,0,0,0
"686",3,686,"687_688",0,0,1.41751439599266e-05,0.2305953,0.004423475,0,0,0,0,0,0
"687",3,687,"",0,0,5.14430376008417e-07,0.1157378,0.0011894625,0,0,0,0,0,0
"688",4,688,"",0,0,2.68682507729154e-07,0.0807305,0.001029262,0,0,0,0,0,0
"689",3,689,"690_701",0,0,0.000896107021634428,0.7809205,0.0191118,0,0,0,0,0,0
"690",3,690,"691_698",0,0,0.000201348836794553,0.256198,0.01581655,0,0,0,0,0,0
"691",3,691,"692_697",0,0,0.000283104170387167,0.8572611,0.01025278,0,0,0,0,0,0
"692",3,692,"693_696",0,0,5.89327489328441e-05,0.2945152,0.0079808575,0,0,0,0,0,0
"693",3,693,"694_695",0,0,6.24925403564092e-05,0.4822834,0.00642226166666667,0,0,0,0,0,0
"694",3,694,"",0,0,6.30002398394472e-07,0.1287213,0.001248162,0,0,0,0,0,0
"695",4,695,"",0,0,1.6608841744349e-05,1.5693593,0.00183541190555556,0,0,0,0,0,0
"696",4,696,"",0,0,5.39329844554511e-07,0.14596,0.0010845145,0,0,0,0,0,0
"697",4,697,"",0,0,7.93726388684623e-08,0.0284135,0.0009429705,0,0,0,0,0,0
"698",4,698,"699_700",0,0,3.84037314443248e-05,0.225516,0.0073624625,0,0,0,0,0,0
"699",4,699,"",0,0,1.29910548554314e-05,0.6662265,0.00249135904166667,0,0,0,0,0,0
"700",5,700,"",0,0,1.91399613891364e-06,0.1780079,0.001850018,0,0,0,0,0,0
"701",4,701,"",0,0,3.4947842789618e-06,0.2333635,0.002183327,0,0,0,0,0,0
"702",3,702,"",0,0,1.37391558450806e-06,0.0640827,0.00261237,0,0,0,0,0,0
"703",3,703,"",0,0,4.69003451308991e-06,0.1220958,0.003496735,0,0,0,0,0,0
"704",3,704,"",0,0,4.75536360231449e-06,0.078967,0.004378185,0,0,0,0,0,0
"705",2,705,"",0,0,0.000114346683272053,1.3149595,0.00526114972222222,0,0,0,0,0,0
"706",2,706,"",0,0,2.78234810292823e-06,0.0495932,0.004225905,0,0,0,0,0,0
"707",2,707,"",0,0,7.74250761542828e-06,0.1322897,0.004316213,0,0,0,0,0,0
"708",2,708,"709_712",0,0,0.00156009505489282,0.430232,0.0339742,0,0,0,0,0,0
"709",2,709,"710_711",0,0,0.00114288200760024,0.7085455,0.02265906,0,0,0,0,0,0
"710",2,710,"",0,0,0.000265076505221781,1.5794307,0.00730904093333333,0,0,0,0,0,0
"711",3,711,"",0,0,3.72371435155727e-06,0.0945674,0.00354032,0,0,0,0,0,0
"712",3,712,"",0,0,0.000131242603650238,0.7588134,0.007419847625,0,0,0,0,0,0
"713",2,713,"714_832",0,0,0.0334172006735063,1.1847168,0.09475515,0,0,0,0,0,0
"714",2,714,"715_812",0,0,0.00732335363003299,0.3002085,0.0881188,0,0,0,0,0,0
"715",2,715,"716_811",0,0,0.0187442230196827,1.0356463,0.0759019714285714,0,0,0,0,0,0
"716",2,716,"717_795",0,0,0.00623798236016224,0.44823,0.06655745,0,0,0,0,0,0
"717",2,717,"718_786",0,0,0.00660402925119959,0.6743762,0.05583139,0,0,0,0,0,0
"718",2,718,"719_785",0,0,0.00233238968161235,0.3106993,0.0488827333333333,0,0,0,0,0,0
"719",2,719,"720_784",0,0,0.00356338537356355,0.5829561,0.04411015,0,0,0,0,0,0
"720",2,720,"721_754",0,0,0.00141301574773491,0.2817185,0.0399568166666667,0,0,0,0,0,0
"721",2,721,"722_753",0,0,0.00238909246132132,1.1526871,0.02568537,0,0,0,0,0,0
"722",2,722,"723_752",0,0,0.0007441532988913,0.6769017,0.01870654,0,0,0,0,0,0
"723",2,723,"724_739",0,0,0.000423329456977282,0.6106274,0.01485512,0,0,0,0,0,0
"724",2,724,"725_730",0,0,0.000158046735091419,0.6349243,0.00890137,0,0,0,0,0,0
"725",2,725,"726_729",0,0,3.02934271032585e-05,0.3288568,0.0054149675,0,0,0,0,0,0
"726",2,726,"727_728",0,0,1.01469298937506e-05,0.22864,0.003758515,0,0,0,0,0,0
"727",2,727,"",0,0,6.50347726445835e-06,1.3357441,0.00124490509545455,0,0,0,0,0,0
"728",3,728,"",0,0,1.11632233032513e-06,0.7990066,0.000666875383333333,0,0,0,0,0,0
"729",3,729,"",0,0,2.93304785988868e-06,0.9971994,0.000967595041666667,0,0,0,0,0,0
"730",3,730,"731_738",0,0,3.29700968425054e-05,0.522877,0.00448007625,0,0,0,0,0,0
"731",3,731,"732_737",0,0,4.25691893367513e-06,0.1082254,0.00353841,0,0,0,0,0,0
"732",3,732,"733_736",0,0,7.72126861738444e-06,0.2647956,0.00304659,0,0,0,0,0,0
"733",3,733,"734_735",0,0,6.19234409023258e-06,0.8605483,0.0015134392,0,0,0,0,0,0
"734",3,734,"",0,0,1.0457111228123e-08,0.2874939,0.000107601075,0,0,0,0,0,0
"735",4,735,"",0,0,1.60639855986154e-08,0.413043,0.00011126385,0,0,0,0,0,0
"736",4,736,"",0,0,5.87360868409774e-07,0.4462839,0.00064724985,0,0,0,0,0,0
"737",4,737,"",0,0,1.36679957217874e-07,0.1019031,0.000653407,0,0,0,0,0,0
"738",4,738,"",0,0,2.29850972857846e-07,0.1298662,0.0007505855,0,0,0,0,0,0
"739",3,739,"740_749",0,0,9.37721797874381e-05,0.5632943,0.00727938,0,0,0,0,0,0
"740",3,740,"741_746",0,0,2.48393426649738e-05,0.5025017,0.0039666725,0,0,0,0,0,0
"741",3,741,"742_745",0,0,5.07995588888942e-06,0.4121748,0.00198068,0,0,0,0,0,0
"742",3,742,"743_744",0,0,7.73215253944385e-07,0.3710923,0.0008143935,0,0,0,0,0,0
"743",3,743,"",0,0,5.25744270204573e-09,0.0668636,0.000158204,0,0,0,0,0,0
"744",4,744,"",0,0,2.09866622430165e-08,0.297604,0.000149822613333333,0,0,0,0,0,0
"745",4,745,"",0,0,1.58297815729383e-07,0.4069675,0.00035187034,0,0,0,0,0,0
"746",4,746,"747_748",0,0,2.94068385659048e-06,0.4519774,0.00143909966666667,0,0,0,0,0,0
"747",4,747,"",0,0,2.07611877211505e-07,0.3246726,0.000451157666666667,0,0,0,0,0,0
"748",5,748,"",0,0,5.65651337649414e-09,0.0414862,0.000208328,0,0,0,0,0,0
"749",4,749,"750_751",0,0,1.71544198489432e-05,0.8368252,0.00255444,0,0,0,0,0,0
"750",4,750,"",0,0,9.94206707870488e-08,0.2379717,0.0003646706,0,0,0,0,0,0
"751",5,751,"",0,0,3.21474262311644e-07,0.5788221,0.0004204609,0,0,0,0,0,0
"752",3,752,"",0,0,5.65047349828995e-07,0.0825,0.001476524,0,0,0,0,0,0
"753",3,753,"",0,0,1.46665957948002e-06,0.1094891,0.002064925,0,0,0,0,0,0
"754",3,754,"755_783",0,0,0.00175985184357104,1.0838093,0.0227345666666667,0,0,0,0,0,0
"755",3,755,"756_769",0,0,0.000378574537438597,0.391707,0.0175396166666667,0,0,0,0,0,0
"756",3,756,"757_764",0,0,8.23525847677882e-05,0.21025,0.01116595,0,0,0,0,0,0
"757",3,757,"758_763",0,0,0.000135976958607735,0.6679653,0.00804972,0,0,0,0,0,0
"758",3,758,"759_762",0,0,2.56820669065542e-05,0.22663,0.006005945,0,0,0,0,0,0
"759",3,759,"760_761",0,0,1.61605480105316e-05,1.4734604,0.00186846028571429,0,0,0,0,0,0
"760",3,760,"",0,0,2.16141821655577e-08,0.2384682,0.00016985535,0,0,0,0,0,0
"761",4,761,"",0,0,5.85940344367718e-09,0.0847446,0.0001483528,0,0,0,0,0,0
"762",4,762,"",0,0,1.35142118177066e-06,0.410578,0.001023581875,0,0,0,0,0,0
"763",4,763,"",0,0,1.91631493536694e-07,0.0633418,0.000981326,0,0,0,0,0,0
"764",4,764,"765_768",0,0,2.58041981139013e-05,0.6991939,0.0034274524,0,0,0,0,0,0
"765",4,765,"766_767",0,0,9.289354614207e-08,0.1848331,0.0003999705,0,0,0,0,0,0
"766",4,766,"",0,0,5.17650020699043e-10,0.0999082,4.06109e-05,0,0,0,0,0,0
"767",5,767,"",0,0,8.97728514564016e-10,0.1313419,4.6644015e-05,0,0,0,0,0,0
"768",5,768,"",0,0,2.36417875605046e-08,0.1293823,0.0002411725,0,0,0,0,0,0
"769",4,769,"770_777",0,0,0.0002596408308702,0.7107201,0.0107835625,0,0,0,0,0,0
"770",4,770,"771_776",0,0,2.65322373203208e-05,0.224056,0.00613951,0,0,0,0,0,0
"771",4,771,"772_775",0,0,2.85471447660337e-05,0.485744,0.004325165,0,0,0,0,0,0
"772",4,772,"773_774",0,0,1.31459253164137e-05,0.7441119,0.002371382,0,0,0,0,0,0
"773",4,773,"",0,0,4.23737487404837e-08,0.2774489,0.0002204865,0,0,0,0,0,0
"774",5,774,"",0,0,6.57797532279235e-09,0.081546,0.0001602396,0,0,0,0,0,0
"775",5,775,"",0,0,1.64531988490645e-07,0.0810472,0.0008038615,0,0,0,0,0,0
"776",5,776,"",0,0,6.97707546083794e-06,0.804759,0.00166122650833333,0,0,0,0,0,0
"777",5,777,"778_781_782",0,0,5.57169343117448e-05,1.1181803,0.00398256388888889,0,0,0,0,0,0
"778",5,778,"779_780",0,0,1.10113404476355e-06,0.4058884,0.000929269833333333,0,0,0,0,0,0
"779",5,779,"",0,0,8.07514642361759e-08,0.3406701,0.000274683933333333,0,0,0,0,0,0
"780",6,780,"",0,0,1.05500976531838e-08,0.086637,0.00019688,0,0,0,0,0,0
"781",6,781,"",0,0,7.19445147856369e-08,0.1251153,0.0004278275,0,0,0,0,0,0
"782",6,782,"",0,0,3.64323252299016e-07,0.5825509,0.0004461712375,0,0,0,0,0,0
"783",4,783,"",0,0,2.16230906511948e-07,0.0397699,0.001315548,0,0,0,0,0,0
"784",3,784,"",0,0,2.36201947715615e-06,0.0931849,0.002840495,0,0,0,0,0,0
"785",3,785,"",0,0,2.10624885866786e-06,0.0760217,0.00296969,0,0,0,0,0,0
"786",3,786,"787_792",0,0,0.00023415745203186,0.2932972,0.01594135,0,0,0,0,0,0
"787",3,787,"788_791",0,0,6.39241878471148e-05,0.265654,0.0087518425,0,0,0,0,0,0
"788",3,788,"789_790",0,0,1.87147711832153e-05,0.4282003,0.00372987125,0,0,0,0,0,0
"789",3,789,"",0,0,3.22868207580282e-07,0.1557339,0.0008123555,0,0,0,0,0,0
"790",4,790,"",0,0,1.93727618337954e-07,0.1173173,0.000725003,0,0,0,0,0,0
"791",4,791,"",0,0,8.89376958752017e-06,0.4080174,0.00263407816666667,0,0,0,0,0,0
"792",4,792,"793_794",0,0,3.58244605737943e-05,0.1610326,0.008415075,0,0,0,0,0,0
"793",4,793,"",0,0,1.10548415699582e-05,0.4712173,0.00273269216666667,0,0,0,0,0,0
"794",5,794,"",0,0,5.22424281205664e-06,0.3280352,0.00225152366666667,0,0,0,0,0,0
"795",3,795,"796_810",0,0,0.000656929750753309,0.1955834,0.0326978,0,0,0,0,0,0
"796",3,796,"797_809",0,0,0.000499799104664056,0.1717808,0.03043235,0,0,0,0,0,0
"797",3,797,"798_803_808",0,0,0.00119880531455101,0.5605329,0.0260914875,0,0,0,0,0,0
"798",3,798,"799_802",0,0,0.000380681657662121,0.4282342,0.016821525,0,0,0,0,0,0
"799",3,799,"800_801",0,0,0.000382208076335456,0.9558864,0.01128163,0,0,0,0,0,0
"800",3,800,"",0,0,4.98891448875577e-05,1.5552325,0.00319543826923077,0,0,0,0,0,0
"801",4,801,"",0,0,1.34411002618545e-06,0.1251299,0.0018491065,0,0,0,0,0,0
"802",4,802,"",0,0,2.32085430731468e-05,0.6596362,0.00334654571666667,0,0,0,0,0,0
"803",4,803,"804_807",0,0,0.000185359660478183,0.250066,0.0153605,0,0,0,0,0,0
"804",4,804,"805_806",0,0,0.000204776601765079,0.5003964,0.01141321875,0,0,0,0,0,0
"805",4,805,"",0,0,0.000147475823552753,1.2760693,0.006065245,0,0,0,0,0,0
"806",5,806,"",0,0,6.82946752699253e-06,0.4994696,0.0020862385,0,0,0,0,0,0
"807",5,807,"",0,0,2.52168214870932e-07,0.028839,0.001668323,0,0,0,0,0,0
"808",4,808,"",0,0,2.40743854372763e-06,0.0926984,0.00287519,0,0,0,0,0,0
"809",4,809,"",0,0,6.36667348838669e-06,0.1274579,0.003987475,0,0,0,0,0,0
"810",4,810,"",0,0,1.96579362220078e-05,0.2740443,0.0047784125,0,0,0,0,0,0
"811",3,811,"",0,0,8.21538146569499e-05,0.9258601,0.00531454692857143,0,0,0,0,0,0
"812",3,812,"813_830_831",0,0,0.0025235990052989,0.8301495,0.031106925,0,0,0,0,0,0
"813",3,813,"814_825",0,0,0.000260566915593779,0.1538738,0.0232168,0,0,0,0,0,0
"814",3,814,"815_822",0,0,0.000121100469558663,0.1029912,0.0193463,0,0,0,0,0,0
"815",3,815,"816_821",0,0,0.00046373987127851,0.8843112,0.012919916875,0,0,0,0,0,0
"816",3,816,"817_820",0,0,5.53279616131666e-05,0.554996,0.005633165,0,0,0,0,0,0
"817",3,817,"818_819",0,0,4.30030555717572e-06,0.3660924,0.00193365666666667,0,0,0,0,0,0
"818",3,818,"",0,0,2.07792587050709e-07,0.2761903,0.00048936835,0,0,0,0,0,0
"819",4,819,"",0,0,2.80678757356673e-08,0.0654872,0.0003693615,0,0,0,0,0,0
"820",4,820,"",0,0,2.24507457607794e-06,0.565757,0.00112389433333333,0,0,0,0,0,0
"821",4,821,"",0,0,3.92243314570508e-07,0.0621119,0.0014178015,0,0,0,0,0,0
"822",4,822,"823_824",0,0,3.45083888314457e-05,0.218038,0.00709776,0,0,0,0,0,0
"823",4,823,"",0,0,2.61418463686661e-06,0.1473106,0.00237671,0,0,0,0,0,0
"824",5,824,"",0,0,2.55450019979866e-06,0.145436,0.002364515,0,0,0,0,0,0
"825",4,825,"826_829",0,0,0.000114133431400142,0.3073759,0.0108716783333333,0,0,0,0,0,0
"826",4,826,"827_828",0,0,4.06044154408519e-05,0.7282134,0.00421291175,0,0,0,0,0,0
"827",4,827,"",0,0,4.58069122309378e-08,0.1193916,0.000349465,0,0,0,0,0,0
"828",5,828,"",0,0,3.49960015816307e-08,0.1028342,0.0003291285,0,0,0,0,0,0
"829",5,829,"",0,0,9.29697722324342e-07,0.0695398,0.002062905,0,0,0,0,0,0
"830",4,830,"",0,0,1.67851962750802e-06,0.0655469,0.00285504,0,0,0,0,0,0
"831",4,831,"",0,0,1.61297488793991e-05,0.4897185,0.00323791625,0,0,0,0,0,0
"832",3,832,"",0,0,6.62356643877581e-06,0.0896697,0.004848955,0,0,0,0,0,0
"833",2,833,"",0,0,1.168774105662e-05,0.1011758,0.0060639,0,0,0,0,0,0
"834",2,834,"835_836_837",0,0,0.000378415085978916,0.6995128,0.013122345,0,0,0,0,0,0
"835",2,835,"",0,0,1.61708990789708e-06,0.146219,0.001876248,0,0,0,0,0,0
"836",3,836,"",0,0,9.82372843577408e-07,0.1109081,0.0016791195,0,0,0,0,0,0
"837",3,837,"",0,0,1.64461179720549e-06,0.2218144,0.00153625,0,0,0,0,0,0
"838",2,838,"",0,0,0.000678683450017642,3.0404052,0.008429328125,0,0,0,0,0,0
"839",2,839,"",0,0,5.6233943862346e-05,0.4554274,0.006269238,0,0,0,0,0,0
"840",2,840,"841_846",0,0,0.00180182447118961,0.8230902,0.0263971833333333,0,0,0,0,0,0
"841",2,841,"842_845",0,0,0.000517457614860947,0.531125,0.0176101916666667,0,0,0,0,0,0
"842",2,842,"843_844",0,0,3.0762302775108e-05,0.3094415,0.00562529375,0,0,0,0,0,0
"843",2,843,"",0,0,1.51835194202016e-05,1.101265,0.00209491,0,0,0,0,0,0
"844",3,844,"",0,0,1.72026875235317e-07,0.0917979,0.000772337,0,0,0,0,0,0
"845",3,845,"",0,0,3.08894865376347e-07,0.0947984,0.001018427,0,0,0,0,0,0
"846",3,846,"",0,0,6.03670885297636e-06,0.1655043,0.00340737975,0,0,0,0,0,0
"847",1,847,"848_855",0,0,0.000901225219041843,0.689643,0.020395275,0,0,0,0,0,0
"848",1,848,"849_854",0,0,0.000364241169705446,0.6757307,0.0130988375,0,0,0,0,0,0
"849",1,849,"850_853",0,0,0.000399553599280556,1.3913481,0.00956081,0,0,0,0,0,0
"850",1,850,"851_852",0,0,2.35380438718405e-05,0.3477746,0.00464153166666667,0,0,0,0,0,0
"851",1,851,"",0,0,1.828927535397e-07,0.1200188,0.000696464,0,0,0,0,0,0
"852",2,852,"",0,0,3.7559470410183e-06,0.9832636,0.0011026808,0,0,0,0,0,0
"853",2,853,"",0,0,5.06241574708599e-07,0.065293,0.00157098,0,0,0,0,0,0
"854",2,854,"",0,0,1.25768519769622e-06,0.1301005,0.0017541695,0,0,0,0,0,0
"855",2,855,"",0,0,1.3597501726361e-06,0.1497948,0.001699833,0,0,0,0,0,0
"856",1,856,"857_862",0,0,0.00354606963335726,1.6902405,0.0258419,0,0,0,0,0,0
"857",1,857,"858_861",0,0,9.6018778499437e-05,0.787386,0.006230305,0,0,0,0,0,0
"858",1,858,"859_860",0,0,8.16547669036586e-06,0.9769213,0.0016311205,0,0,0,0,0,0
"859",1,859,"",0,0,1.49757391615815e-09,0.0971813,7.003705e-05,0,0,0,0,0,0
"860",2,860,"",0,0,1.2067500384527e-09,0.0862148,6.67487e-05,0,0,0,0,0,0
"861",2,861,"",0,0,4.20256777431421e-07,0.1615379,0.000910008,0,0,0,0,0,0
"862",2,862,"",0,0,4.47642447711741e-06,0.2933496,0.00220393075,0,0,0,0,0,0
"863",1,863,"",0,0,0.000553183221838528,2.3142211,0.00872282458333333,0,0,0,0,0,0
"864",1,864,"865_868",0,0,0.000442061175484138,0.2654993,0.02302155,0,0,0,0,0,0
"865",1,865,"866_867",0,0,0.000160114110118982,0.303863,0.01295093,0,0,0,0,0,0
"866",1,866,"",0,0,5.05876798105875e-06,0.1318496,0.003494685,0,0,0,0,0,0
"867",2,867,"",0,0,6.10064474175431e-06,0.202073,0.00309997925,0,0,0,0,0,0
"868",2,868,"869_870",0,0,6.5474412296168e-05,0.1842871,0.01063441,0,0,0,0,0,0
"869",2,869,"",0,0,3.41488735364888e-06,0.1098916,0.003145075,0,0,0,0,0,0
"870",3,870,"",0,0,3.2187377747267e-06,0.1063451,0.00310391,0,0,0,0,0,0
"871",1,871,"872_907",0,0,0.00211168457328607,0.2585411,0.0509888,0,0,0,0,0,0
"872",1,872,"873_890_906",0,0,0.00160560252829333,0.2379849,0.046341425,0,0,0,0,0,0
"873",1,873,"874_887",0,0,0.00156903926174571,0.5294108,0.03071465,0,0,0,0,0,0
"874",1,874,"875_886",0,0,0.000550082197745084,0.4979835,0.0187513,0,0,0,0,0,0
"875",1,875,"876_883",0,0,0.00010660614987837,0.1749953,0.01392525,0,0,0,0,0,0
"876",1,876,"877_882",0,0,4.63119857249752e-05,0.1106912,0.01154025,0,0,0,0,0,0
"877",1,877,"878_881",0,0,8.59874815094808e-05,0.4870666,0.00749632666666667,0,0,0,0,0,0
"878",1,878,"879_880",0,0,2.4587226205141e-06,0.184109,0.00206178,0,0,0,0,0,0
"879",1,879,"",0,0,5.76384850413445e-07,0.5603541,0.000572202914285714,0,0,0,0,0,0
"880",2,880,"",0,0,1.28744064793046e-08,0.0484018,0.0002909765,0,0,0,0,0,0
"881",2,881,"",0,0,2.42357484274459e-07,0.2688998,0.00053562155,0,0,0,0,0,0
"882",2,882,"",0,0,4.1583664989161e-07,0.0448387,0.0017181455,0,0,0,0,0,0
"883",2,883,"884_885",0,0,1.78476758370129e-05,0.254373,0.004725855,0,0,0,0,0,0
"884",2,884,"",0,0,4.82754618899264e-07,0.1131228,0.0011655025,0,0,0,0,0,0
"885",3,885,"",0,0,3.12900788226629e-07,0.0889436,0.001058208,0,0,0,0,0,0
"886",2,886,"",0,0,1.18254324536393e-05,0.3842875,0.00312971975,0,0,0,0,0,0
"887",2,887,"888_889",0,0,0.000122370786283571,0.4792812,0.0090150625,0,0,0,0,0,0
"888",2,888,"",0,0,2.58762999452828e-06,0.3353941,0.00156710625,0,0,0,0,0,0
"889",3,889,"",0,0,1.52448998888326e-06,0.2621972,0.001360421,0,0,0,0,0,0
"890",2,890,"891_905",0,0,0.000530128439981461,0.1827739,0.03038495,0,0,0,0,0,0
"891",2,891,"892_902",0,0,0.000782265871224547,0.4026159,0.0248689125,0,0,0,0,0,0
"892",2,892,"893_901",0,0,0.000138595491494638,0.1900117,0.01523735,0,0,0,0,0,0
"893",2,893,"894_900",0,0,5.45557700742859e-05,0.1036447,0.0129441,0,0,0,0,0,0
"894",2,894,"895_899",0,0,2.44076224311464e-05,0.0648705,0.0109437,0,0,0,0,0,0
"895",2,895,"896_897_898",0,0,4.6631606008449e-05,0.369203,0.00634063333333333,0,0,0,0,0,0
"896",2,896,"",0,0,5.94098138657945e-07,0.139619,0.0011638095,0,0,0,0,0,0
"897",3,897,"",0,0,3.32849832643032e-07,0.1012533,0.001022927,0,0,0,0,0,0
"898",3,898,"",0,0,9.76451986724508e-07,0.3938418,0.00088836125,0,0,0,0,0,0
"899",3,899,"",0,0,1.03163708699165e-06,0.0962476,0.0018471135,0,0,0,0,0,0
"900",3,900,"",0,0,1.30515828990084e-05,0.257262,0.004018545,0,0,0,0,0,0
"901",3,901,"",0,0,3.70686155880527e-06,0.1181808,0.003159765,0,0,0,0,0,0
"902",3,902,"903_904",0,0,0.000214480075550215,0.828395,0.00907820125,0,0,0,0,0,0
"903",3,903,"",0,0,2.81305821652375e-06,0.4212552,0.00145794716666667,0,0,0,0,0,0
"904",4,904,"",0,0,2.41531881051072e-07,0.072102,0.0010326155,0,0,0,0,0,0
"905",3,905,"",0,0,4.27637892604973e-06,0.0808961,0.004102035,0,0,0,0,0,0
"906",2,906,"",0,0,3.36177525479888e-06,0.0657268,0.00403495,0,0,0,0,0,0
"907",2,907,"",0,0,3.33662458041805e-05,0.4390928,0.0049181365,0,0,0,0,0,0
"908",1,908,"909_957",0,0,0.00226213197064859,0.1449001,0.0704936,0,0,0,0,0,0
"909",1,909,"910_956",0,0,0.00796905216881515,0.6143166,0.06425875,0,0,0,0,0,0
"910",1,910,"911_935_955",0,0,0.00341928462542616,0.3266025,0.057727525,0,0,0,0,0,0
"911",1,911,"912_934",0,0,0.00148250403971495,0.2336841,0.04493745,0,0,0,0,0,0
"912",1,912,"913_933",0,0,0.00147859683799751,0.2667568,0.04200415,0,0,0,0,0,0
"913",1,913,"914_932",0,0,0.00165262062767098,0.3621737,0.03811125,0,0,0,0,0,0
"914",1,914,"915_931",0,0,0.00220163022982828,0.6988673,0.0316664875,0,0,0,0,0,0
"915",1,915,"916_930",0,0,0.000456762133518103,0.212204,0.0261754,0,0,0,0,0,0
"916",1,916,"917_929",0,0,0.000332679575689025,0.1755254,0.02456225,0,0,0,0,0,0
"917",1,917,"918_928",0,0,0.000948954686604716,0.8444757,0.01891273,0,0,0,0,0,0
"918",1,918,"919_927",0,0,0.000149266491886263,0.273857,0.013171775,0,0,0,0,0,0
"919",1,919,"920_926",0,0,0.000146924241795335,0.4836444,0.00983351333333333,0,0,0,0,0,0
"920",1,920,"921_924_925",0,0,2.75882143641634e-05,0.1682428,0.00722468,0,0,0,0,0,0
"921",1,921,"922_923",0,0,1.96624282572417e-05,0.3626048,0.0041545775,0,0,0,0,0,0
"922",1,922,"",0,0,3.15454785357323e-06,0.6615592,0.0012319959125,0,0,0,0,0,0
"923",2,923,"",0,0,4.18698623253394e-07,0.1441926,0.0009614005,0,0,0,0,0,0
"924",2,924,"",0,0,1.02126361553069e-05,0.9689987,0.00183160742857143,0,0,0,0,0,0
"925",2,925,"",0,0,7.71927131804454e-07,0.2180525,0.001061531,0,0,0,0,0,0
"926",2,926,"",0,0,1.15394767428027e-06,0.2130972,0.00131289275,0,0,0,0,0,0
"927",2,927,"",0,0,8.07022558606324e-07,0.0865495,0.001722803,0,0,0,0,0,0
"928",2,928,"",0,0,4.08959366597943e-06,0.2737752,0.00218056025,0,0,0,0,0,0
"929",2,929,"",0,0,5.96234971494305e-06,0.1448313,0.00361995,0,0,0,0,0,0
"930",2,930,"",0,0,2.8838049058751e-06,0.0928246,0.00314468,0,0,0,0,0,0
"931",2,931,"",0,0,1.64540545602207e-05,0.3174608,0.00406178075,0,0,0,0,0,0
"932",2,932,"",0,0,1.07186277119732e-05,0.1444022,0.0048608,0,0,0,0,0,0
"933",2,933,"",0,0,1.30142619609091e-05,0.1465628,0.005316465,0,0,0,0,0,0
"934",2,934,"",0,0,1.9047422855796e-05,0.1712212,0.00595065,0,0,0,0,0,0
"935",2,935,"936_954",0,0,0.000670605867206686,0.1631224,0.03617445,0,0,0,0,0,0
"936",2,936,"937_953",0,0,0.000959161060544109,0.2810906,0.032957,0,0,0,0,0,0
"937",2,937,"938_952",0,0,0.000392480177819597,0.1439606,0.0294586,0,0,0,0,0,0
"938",2,938,"939_950_951",0,0,0.000593677171562074,0.263671,0.026771275,0,0,0,0,0,0
"939",2,939,"940_947",0,0,0.00029022879429817,0.1779181,0.0227869,0,0,0,0,0,0
"940",2,940,"941_946",0,0,0.000342747623871437,0.3269763,0.01826645,0,0,0,0,0,0
"941",2,941,"942_945",0,0,0.000267658635637941,0.8324792,0.01011647,0,0,0,0,0,0
"942",2,942,"943_944",0,0,5.85596135315041e-06,0.5586668,0.001826618,0,0,0,0,0,0
"943",2,943,"",0,0,3.09025083297891e-07,0.2117027,0.00068164575,0,0,0,0,0,0
"944",3,944,"",0,0,1.61178669144443e-08,0.0407505,0.0003548235,0,0,0,0,0,0
"945",3,945,"",0,0,2.4567226043271e-07,0.0780294,0.001001092,0,0,0,0,0,0
"946",3,946,"",0,0,3.39307580191405e-06,0.1058096,0.003194915,0,0,0,0,0,0
"947",3,947,"948_949",0,0,4.66404425558421e-05,0.2339793,0.007965585,0,0,0,0,0,0
"948",3,948,"",0,0,1.67803679559365e-06,0.1709122,0.001767825,0,0,0,0,0,0
"949",4,949,"",0,0,2.57437167107025e-07,0.0604346,0.001164442,0,0,0,0,0,0
"950",3,950,"",0,0,2.22905253153095e-05,0.3233946,0.004684021,0,0,0,0,0,0
"951",3,951,"",0,0,2.57138213267527e-06,0.0721931,0.003367135,0,0,0,0,0,0
"952",3,952,"",0,0,3.34580765465695e-06,0.0746628,0.003776795,0,0,0,0,0,0
"953",3,953,"",0,0,1.43768206843455e-05,0.2163392,0.00459926975,0,0,0,0,0,0
"954",3,954,"",0,0,6.7029938486977e-06,0.0949563,0.00474021,0,0,0,0,0,0
"955",2,955,"",0,0,6.15702556908044e-06,0.0871896,0.00474109,0,0,0,0,0,0
"956",2,956,"",0,0,7.83044650023867e-06,0.092583,0.00518863,0,0,0,0,0,0
"957",2,957,"",0,0,2.5999148212374e-05,0.1819474,0.0067442195,0,0,0,0,0,0
